日期,松山機場,中山國中,南京復興,忠孝復興,大安,科技大樓,六張犁,麟光,辛亥,萬芳醫院,萬芳社區,木柵,動物園,大直,劍南路,西湖,港墘,文德,內湖,大湖公園,葫洲,東湖,南港軟體園區,南港展覽館,小碧潭,新店,新店區公所,七張,大坪林,景美,萬隆,公館,台電大樓,古亭,中正紀念堂,小南門,頂溪,永安市場,景安,南勢角,台大醫院,台北車站,中山,雙連,民權西路,圓山,劍潭,士林,芝山,明德,石牌,唭哩岸,奇岩,北投,新北投,復興崗,忠義,關渡,竹圍,紅樹林,淡水,頂埔,永寧,土城,海山,亞東醫院,府中,BL板橋,新埔,江子翠,龍山寺,西門,善導寺,忠孝新生,忠孝敦化,國父紀念館,市政府,永春,後山埤,昆陽,南港,象山,台北101/世貿,信義安和,大安森林公園,北門,松江南京,台北小巨蛋,南京三民,松山,輔大,新莊,頭前庄,先嗇宮,三重,菜寮,台北橋,大橋頭,中山國小,行天宮,東門,蘆洲,三民高中,徐匯中學,三和國中,三重國小,迴龍,丹鳳,十四張,秀朗橋,景平,中和,橋和,中原,板新,Y板橋,新埔民生,幸福,新北產業園區
2020/4/1,"3,892","12,565","37,543","37,066","23,355","12,627","10,195","3,373","2,642","12,795","1,802","4,139","3,625","8,387","7,880","15,498","15,608","4,923","7,804","2,491","6,860","7,887","4,407","24,491","3,118","9,495","10,677","14,664","20,298","13,479","8,305","21,202","14,218","28,138","21,680","8,435","32,289","23,400","23,049","18,239","21,006","134,317","34,209","18,022","20,768","22,900","19,230","20,789","20,064","11,138","26,222","5,935","6,227","16,865","3,612","3,185","3,208","10,764","8,397","9,329","24,744","8,390","12,231","6,683","20,887","21,053","23,810","36,965","34,427","23,600","21,406","45,000","21,210","27,459","30,520","18,656","54,575","19,111","14,255","13,646","18,521","11,053","19,838","16,684","6,275","9,842","35,380","21,093","21,797","20,194","7,556","10,168","4,910","4,734","5,464","9,328","8,563","10,344","15,255","26,169","19,952","12,364","11,557","11,467","11,249","11,026","9,496","8,505",733,"2,102","2,971","3,824","1,542","2,340","2,175","7,349","2,289","2,965","2,916"
2020/4/2,"2,103","4,995","12,716","25,869","8,425","4,879","4,667","2,067","1,310","5,363",914,"1,789","3,210","3,131","4,983","3,365","3,852","2,053","4,484","1,728","3,190","3,374","1,297","9,547","2,902","6,423","5,387","7,573","9,475","7,704","4,694","11,773","7,943","13,268","9,550","2,129","17,646","12,217","11,829","9,871","5,463","88,924","24,226","8,496","9,233","12,716","12,098","12,218","11,143","5,975","12,779","3,293","3,209","8,939","3,144","1,784","1,482","4,578","4,849","5,507","15,903","3,839","5,944","3,642","10,207","10,204","14,096","22,411","17,921","12,180","14,302","31,955","6,604","14,582","19,464","9,840","31,927","8,836","8,098","5,314","10,246","5,079","10,216","7,538","3,348","5,209","10,823","7,681","8,322","9,226","4,192","4,905","2,804","1,357","3,027","4,502","5,485","5,797","7,782","10,311","11,306","6,091","5,523","6,017","5,874","6,244","4,204","4,362",347,"1,388","1,697","2,671",727,763,"1,156","5,696","1,550","1,841","1,478"
2020/4/3,"1,523","4,692","11,493","24,777","7,905","4,674","4,548","2,201","1,283","5,214",847,"1,850","4,652","2,955","4,762","3,238","3,578","1,978","4,584","2,095","2,983","3,230","1,234","9,062","3,009","6,845","5,416","7,266","8,784","7,848","4,805","11,640","7,370","12,431","9,433","2,139","17,182","11,653","11,255","9,675","4,716","65,544","23,278","8,114","8,776","12,857","12,866","12,699","10,996","4,764","12,553","3,337","3,115","9,346","3,198","1,726","1,474","5,074","4,790","5,749","17,710","3,545","5,608","3,508","9,704","7,760","13,079","19,518","17,000","11,695","14,224","30,986","5,579","13,958","18,331","9,202","29,536","8,714","7,606","5,182","8,318","5,413","9,820","7,095","3,815","4,990","9,760","7,223","7,527","8,327","4,008","4,666","2,718","1,286","3,038","4,302","5,327","5,569","7,492","9,994","11,335","6,001","5,552","5,889","5,397","6,071","4,191","4,161",326,"1,454","1,712","2,622",724,646,"1,117","4,502","1,485","1,749","1,361"
2020/4/4,"1,104","4,230","10,166","21,361","7,674","4,259","4,123","2,227","1,245","4,169",776,"1,469","3,539","2,659","4,314","2,688","3,448","1,859","4,077","1,725","2,672","3,194","1,124","8,176","2,723","6,054","4,931","6,831","7,903","7,415","4,589","10,883","7,120","11,487","7,659","1,904","16,267","11,005","10,405","9,078","4,096","51,400","20,726","7,015","8,091","11,871","11,673","11,058","10,338","4,339","11,238","3,220","2,744","8,440","2,641","1,649",863,"4,349","4,433","5,237","14,899","3,336","5,053","3,207","9,198","7,202","11,965","16,264","15,653","10,668","12,874","28,859","5,515","12,433","15,721","8,227","25,577","8,050","7,165","4,618","6,865","4,536","8,792","6,722","4,621","4,235","8,244","6,464","7,051","7,215","3,751","4,246","2,328","1,215","2,812","3,937","4,863","4,761","6,837","8,529","10,174","5,478","5,075","5,221","5,136","5,590","3,822","3,935",338,"1,310","1,660","2,532",642,567,"1,050","3,672","1,326","1,698","1,243"
2020/4/5,"1,502","4,401","10,193","20,425","7,268","4,941","4,382","2,191","1,328","5,755",765,"1,618","3,281","3,477","4,422","3,423","3,782","2,303","4,474","1,749","3,098","3,447","1,283","8,054","2,424","5,736","5,092","7,290","8,790","8,250","5,077","13,368","7,801","12,478","10,353","2,072","17,347","11,423","10,978","9,421","4,434","60,994","19,555","7,027","9,006","11,827","13,361","12,041","10,281","4,455","12,187","3,278","2,613","9,445","2,574","1,609",893,"4,797","4,477","6,034","18,754","3,354","4,950","3,100","9,230","7,439","11,795","17,708","16,266","10,754","12,263","26,782","5,763","12,880","14,092","7,940","25,137","8,674","7,435","5,262","7,486","4,772","8,982","6,470","4,729","4,011","8,224","6,543","7,122","6,755","5,613","4,023","2,456","1,261","2,801","4,085","4,855","4,880","6,839","8,978","9,877","5,233","4,810","5,130","5,169","5,703","4,014","4,163",319,"1,466","1,829","2,631",578,591,982,"4,261","1,316","1,717","1,378"
2020/4/6,"3,355","11,857","34,910","30,367","21,899","12,137","9,899","3,405","2,632","12,705","1,790","4,247","4,180","8,520","7,749","16,540","15,011","4,836","7,462","2,385","7,801","7,321","4,174","23,364","2,805","8,765","10,311","14,129","19,660","14,619","8,389","20,925","13,446","25,509","19,399","9,741","31,399","22,553","22,281","17,311","19,788","84,684","27,182","16,797","19,032","20,799","20,407","22,295","18,291","10,824","25,139","5,736","6,146","16,208","3,258","3,002","2,270","10,711","8,114","9,431","25,870","7,862","10,369","6,309","19,492","20,549","21,579","31,867","34,794","22,596","20,114","37,696","15,823","24,536","25,089","16,013","46,658","17,702","13,643","13,033","14,661","10,082","18,134","15,559","5,947","8,979","32,287","19,722","20,544","18,668","13,511","9,549","4,615","4,572","5,153","9,302","8,063","9,638","14,304","24,122","18,035","12,050","11,101","11,036","10,906","10,617","9,351","8,212",700,"2,023","2,985","3,524","1,427","2,225","2,140","5,567","2,305","2,585","2,741"
2020/4/7,"3,227","11,778","35,410","31,568","21,951","11,814","9,705","3,202","2,595","12,575","1,779","4,136","3,468","8,289","7,633","16,584","15,129","4,713","7,171","2,369","7,586","7,473","4,132","23,041","2,603","8,751","10,267","13,766","19,549","14,708","8,142","19,554","13,216","26,074","20,378","10,232","30,958","22,401","22,135","17,761","19,790","81,472","27,770","16,725","19,817","21,328","22,116","21,971","18,731","10,552","24,569","5,622","6,139","16,336","3,177","3,103","3,170","11,476","8,129","9,046","24,503","7,801","10,529","6,263","19,479","20,592","21,934","31,065","34,739","22,524","20,673","38,534","19,440","24,510","25,537","16,043","45,336","18,060","13,242","13,091","14,337","9,724","17,726","15,659","5,949","9,099","32,581","19,728","20,350","19,064","13,130","9,684","4,647","4,554","5,272","9,290","7,966","9,594","14,477","24,807","18,591","11,979","11,044","11,001","10,796","10,650","9,619","8,283",749,"1,818","2,844","3,417","1,435","2,265","2,079","5,618","2,401","2,747","2,709"
2020/4/8,"3,014","11,995","35,312","31,457","22,193","11,779","9,818","3,134","2,662","12,609","1,740","4,231","3,673","8,510","7,846","16,422","14,993","4,817","7,340","2,453","7,532","7,446","3,979","23,070","2,684","8,950","10,374","13,779","19,462","14,385","8,021","19,746","13,303","26,086","20,320","9,886","31,064","22,357","22,222","17,784","19,493","82,117","28,884","16,741","19,692","21,286","22,630","21,985","19,124","10,632","25,087","5,684","6,224","16,738","3,301","3,060","3,176","11,500","8,267","9,249","24,607","7,874","10,618","6,405","19,922","20,486","21,907","30,997","34,666","22,547","20,553","39,373","19,723","24,808","25,910","16,661","45,236","17,791","13,390","13,129","14,313","9,882","17,916","15,709","6,209","9,111","32,110","19,926","20,604","18,961","12,600","9,752","4,719","4,524","5,295","9,319","7,991","9,812","14,338","24,266","19,027","12,089","10,955","10,890","10,851","10,558","9,745","8,273",740,"1,885","2,800","3,318","1,461","2,198","2,118","5,548","2,382","2,616","2,749"
2020/4/9,"3,060","12,049","35,028","31,617","22,216","11,765","9,650","3,243","2,680","12,608","1,693","4,230","3,623","8,520","7,914","16,389","14,873","4,814","7,426","2,570","7,509","7,373","4,068","23,007","2,744","9,104","10,360","13,742","19,431","14,639","8,019","19,665","13,304","25,645","20,521","9,913","30,912","22,544","21,783","17,657","19,561","83,172","29,228","16,832","19,934","21,524","22,583","22,059","19,113","10,530","25,295","5,595","6,356","16,463","3,307","3,154","3,073","11,438","8,222","9,153","25,053","7,876","10,704","6,335","19,671","20,540","21,935","31,039","34,494","22,486","20,290","38,783","19,523","24,951","26,198","16,423","46,585","17,812","13,374","12,979","14,456","10,089","18,116","15,768","6,092","9,007","32,222","19,690","20,534","18,718","12,532","9,639","4,732","4,565","5,415","9,154","7,897","9,722","13,942","24,399","18,936","12,053","11,130","10,856","10,964","10,562","9,485","8,320",730,"1,919","2,765","3,400","1,430","2,220","2,101","5,744","2,347","2,631","2,672"
2020/4/10,"3,276","12,508","36,895","36,411","23,369","12,142","10,231","3,404","2,704","12,907","1,863","4,311","4,295","8,424","8,685","16,529","15,192","4,961","7,928","2,882","7,758","7,669","4,232","23,895","3,115","10,217","10,706","14,479","20,517","15,196","8,490","21,506","14,572","27,110","21,772","10,223","32,582","23,889","23,169","18,153","20,355","106,828","34,590","17,937","20,669","23,940","24,325","23,583","20,674","10,850","26,545","5,972","6,496","17,696","3,606","3,268","3,189","11,742","8,824","9,693","27,328","8,372","12,140","6,949","20,456","20,820","24,032","34,745","36,444","23,459","21,746","45,538","19,841","27,586","30,276","18,750","53,980","18,835","14,202","13,384","16,665","10,864","19,807","16,905","6,828","9,939","33,637","20,598","20,988","19,854","11,253","10,279","5,034","4,615","5,777","9,449","8,705","10,246","14,710","25,638","20,681","12,506","11,611","11,529","11,127","10,841","9,857","8,767",785,"2,037","2,904","3,636","1,588","2,206","2,214","6,836","2,517","2,922","2,902"
2020/4/11,"1,480","6,570","15,962","30,148","11,876","6,997","5,797","2,572","1,517","6,383","1,049","2,202","3,179","4,612","5,481","4,321","4,963","2,540","5,607","2,314","3,881","4,401","1,561","11,369","2,981","7,663","6,542","9,021","11,701","10,455","6,230","15,653","10,629","18,417","11,826","3,457","21,881","14,681","13,934","11,722","7,217","78,762","29,007","11,732","11,828","15,848","14,861","15,491","13,102","6,171","15,824","4,256","3,667","11,023","3,148","2,096","1,370","6,163","5,710","6,199","17,455","4,448","7,108","4,160","12,078","10,495","17,220","23,316","21,851","14,732","15,925","37,828","9,397","18,528","22,856","12,090","34,986","11,459","9,608","6,315","9,591","5,900","12,029","9,479","5,871","6,195","12,212","9,485","10,175","9,665","6,444","5,932","3,095","1,620","3,990","5,581","6,252","6,894","8,897","13,500","14,197","7,338","6,500","7,210","6,840","7,282","5,338","5,223",436,"1,633","1,986","3,090",858,867,"1,324","4,940","1,719","2,037","1,593"
2020/4/12,"1,447","4,847","11,653","22,247","9,621","5,027","4,413","2,125","1,334","5,318",761,"2,510","2,459","3,664","4,896","3,296","4,742","2,345","4,358","1,587","3,311","3,491","1,356","8,895","2,536","6,437","5,385","7,393","8,775","8,048","5,019","13,395","8,290","13,689","10,441","2,418","17,394","11,526","10,965","9,456","5,636","65,816","22,549","7,419","9,787","12,628","12,458","12,665","11,081","4,645","12,589","3,239","2,881","9,517","2,832","1,769",989,"5,296","4,736","5,350","16,546","3,690","5,316","3,324","9,880","7,781","13,414","18,602","17,146","11,714","13,317","31,390","7,572","14,059","16,110","8,964","27,814","9,800","7,562","5,274","8,605","4,503","9,368","6,735","4,984","4,432","8,896","7,137","7,614","7,912","5,212","4,549","2,826","1,380","3,141","4,394","4,939","5,380","6,984","10,018","11,326","5,644","5,133","5,367","5,310","5,810","4,239","4,308",384,"1,322","1,762","2,519",728,611,"1,089","4,437","1,422","1,641","1,466"
2020/4/13,"3,190","11,706","34,525","30,072","21,841","11,677","9,784","3,178","2,659","12,450","1,774","4,260","3,683","8,589","7,702","16,615","15,120","4,838","7,316","2,765","7,671","7,471","3,947","23,011","2,826","9,162","10,310","13,944","19,480","14,136","7,915","19,340","13,116","25,137","19,722","9,606","30,635","22,509","22,037","17,377","19,782","83,900","28,038","16,540","19,702","21,374","21,675","22,059","18,396","10,533","25,786","5,616","6,235","16,656","3,377","3,053","3,031","11,506","8,268","9,407","26,260","7,866","10,762","6,547","19,595","20,191","21,999","31,287","32,722","22,671","20,502","38,586","18,409","23,954","25,313","15,979","46,007","17,544","13,630","12,926","14,285","10,101","17,919","15,473","6,137","9,081","31,755","19,413","20,140","18,819","12,764","9,692","4,798","4,581","5,520","9,106","8,085","9,819","13,863","24,364","18,153","11,975","10,970","10,949","10,715","10,476","9,626","8,229",712,"1,852","2,866","3,381","1,506","2,227","2,085","5,862","2,211","2,590","2,791"
2020/4/14,"3,114","12,209","34,946","31,209","22,334","11,881","9,745","3,236","2,770","12,671","1,837","4,281","3,780","8,747","7,870","16,682","15,192","4,814","7,613","2,687","7,680","7,510","4,090","23,092","2,818","9,423","10,440","13,947","19,598","14,875","8,239","19,819","13,261","25,997","20,635","10,219","31,543","22,693","22,472","17,781","20,266","83,736","29,486","17,047","19,855","21,998","22,463","22,670","18,989","10,832","25,610","5,766","6,309","16,776","3,421","3,147","3,189","11,834","8,441","9,285","25,970","7,810","10,881","6,445","19,773","20,522","22,644","31,255","33,289","22,709","20,817","39,484","19,694","24,681","26,142","16,722","46,126","18,290","13,559","13,250","14,543","10,546","17,812","16,034","6,344","9,085","32,578","20,125","20,357","19,052","13,031","9,901","4,842","4,602","5,514","9,113","8,176","9,796","14,102","24,578","19,034","12,294","11,176","11,130","10,949","10,704","9,820","8,325",762,"1,872","2,826","3,399","1,493","2,246","2,094","5,688","2,282","2,558","2,778"
2020/4/15,"3,120","12,228","35,562","32,425","22,605","12,016","9,769","3,283","2,818","12,657","1,732","4,315","3,840","8,907","8,027","16,911","15,395","4,948","7,717","2,903","7,714","7,491","4,091","23,524","2,826","9,649","10,744","14,096","19,927","15,000","8,048","20,072","13,871","26,903","21,359","9,813","31,670","23,027","22,476","17,983","20,213","86,355","30,483","17,191","20,452","22,477","22,759","22,984","19,365","10,943","26,348","5,907","6,573","17,026","3,379","3,155","3,217","12,207","8,618","9,435","26,238","7,987","11,126","6,549","20,032","20,690","23,389","31,958","33,741","23,320","21,725","40,883","20,575","25,430","27,213","17,504","46,817","18,361","13,953","13,296","14,904","10,737","18,341","16,070","6,487","9,106","32,997","20,189","20,985","20,126","12,848","9,968","4,833","4,626","5,647","9,316","8,159","10,154","14,444","24,763","19,872","12,281","11,249","11,195","10,946","10,920","9,665","8,515",744,"1,955","2,783","3,448","1,483","2,309","2,118","5,871","2,246","2,586","2,818"
2020/4/16,"3,085","12,324","35,518","32,761","22,750","12,070","10,005","3,377","2,764","12,772","1,815","4,292","4,015","8,778","8,300","16,915","15,141","5,009","7,700","2,906","7,750","7,451","4,196","23,481","2,969","9,742","10,596","14,201","20,067","15,165","8,187","20,494","13,726","26,699","21,399","9,942","31,526","23,072","22,468","17,756","20,000","89,706","33,835","17,195","20,458","22,884","22,721","23,104","19,500","10,786","25,835","5,848","6,455","17,176","3,324","3,136","3,094","11,837","8,424","9,650","26,733","7,909","11,331","6,444","19,926","20,762","22,668","32,369","33,686","23,196","21,293","41,131","20,030","25,426","27,225","17,150","47,798","18,303","13,691","13,418","14,841","10,740","18,665","16,202","6,596","9,314","32,871","20,010","20,612","19,274","13,514","9,989","4,770","4,580","5,569","9,161","8,133","10,030","14,138","24,768","19,849","12,134","11,167","11,333","10,779","10,616","9,872","8,350",723,"1,919","2,827","3,504","1,443","2,297","2,069","6,090","2,298","2,693","2,865"
2020/4/17,"3,321","12,910","37,197","37,151","23,426","12,537","10,265","3,416","2,646","12,923","1,854","4,343","4,454","8,760","9,042","16,815","15,492","5,064","8,062","2,963","7,865","7,836","4,263","24,233","3,147","10,135","10,943","14,749","20,646","15,750","8,695","22,109","15,140","27,440","22,537","10,043","32,885","24,009","22,896","18,306","19,961","116,931","38,097","18,101","20,588","24,813","23,241","24,106","20,765","10,924","26,741","6,185","6,674","17,780","3,742","3,196","3,083","11,905","8,860","9,790","28,076","8,196","12,476","6,929","20,672","20,795","24,424","36,064","34,857","24,079","22,183","47,420","19,755","27,295","31,392","19,192","55,630","18,817","14,225","13,582","17,282","11,286","20,673","17,268","7,074","10,082","34,709","20,824","21,548","20,375","13,473","10,425","5,161","4,673","5,953","9,468","8,552","10,711","14,990","26,373","21,602","12,623","11,625","11,602","11,238","11,077","9,927","8,749",772,"2,016","2,933","3,691","1,616","2,300","2,142","7,406","2,459","2,890","3,026"
2020/4/18,"1,782","7,016","17,043","31,872","12,266","7,545","6,169","2,840","1,673","6,932","1,185","2,805","5,271","5,314","6,519","5,042","5,297","2,700","6,172","3,140","4,193","4,701","1,635","12,553","3,222","9,426","7,114","9,851","11,999","10,812","6,409","18,207","11,277","19,533","13,114","3,752","22,954","15,911","15,032","12,916","8,213","89,527","31,784","12,803","12,643","18,958","20,228","17,943","15,079","7,186","18,291","4,883","4,045","12,633","3,530","2,264","1,523","7,005","6,607","7,349","24,086","4,688","8,286","4,629","13,116","11,459","19,016","25,006","23,139","15,973","17,516","42,874","9,998","19,588","24,829","12,851","37,115","11,697","10,710","6,658","10,398","7,963","13,106","10,420","7,931","7,025","13,155","9,886","10,786","11,721","7,121","6,714","3,554","1,995","4,854","5,664","6,890","7,831","9,622","14,240","16,027","8,019","7,271","7,880","7,220","7,629","5,991","5,630",435,"1,801","1,985","3,197",878,859,"1,485","5,403","1,907","2,250","1,805"
2020/4/19,"1,682","5,434","12,470","23,094","8,911","5,382","4,787","2,460","1,356","6,031",953,"2,093","4,704","4,458","5,454","4,322","4,242","2,633","5,028","2,716","3,680","3,900","1,390","9,957","2,732","8,276","6,027","8,105","9,971","9,781","5,306","15,668","9,073","15,013","11,945","2,845","19,301","12,704","12,354","10,526","6,060","76,570","24,733","8,782","10,464","16,072","17,414","14,796","12,326","5,232","14,999","3,802","3,198","10,800","2,759","1,919","1,114","5,926","5,345","6,566","22,571","4,050","6,826","3,665","10,251","8,547","14,671","21,193","18,829","13,000","14,363","33,764","6,944","14,787","16,579","9,450","29,021","9,652","8,568","5,741","8,443","6,388","10,566","7,624","6,872","5,221","9,445","7,287","8,283","9,135","5,693","5,133","3,032","1,405","4,154","4,638","5,375","6,023","7,457","11,417","12,934","6,175","5,670","6,001","5,695","6,373","4,806","4,713",397,"1,497","1,818","2,709",681,728,"1,119","4,902","1,533","1,890","1,552"
2020/4/20,"3,476","12,023","34,989","29,746","22,127","11,731","9,747","3,291","2,712","12,792","1,775","4,318","3,714","8,588","8,138","17,171","15,405","4,814","7,304","2,778","7,770","7,500","4,374","24,024","2,790","9,577","10,469","14,438","19,798","14,328","8,057","19,260","13,088","26,008","20,052","10,148","31,195","22,820","22,561","18,009","19,812","86,468","28,117","16,607","20,156","21,850","22,993","22,261","19,464","10,828","25,617","5,756","6,458","16,595","3,180","2,963","3,168","12,766","8,324","9,533","26,672","7,913","11,099","6,665","19,794","20,512","21,965","31,709","35,205","22,828","20,889","39,010","18,348","24,542","25,283","16,376","46,644","17,678","13,664","13,127","14,682","10,850","18,357","15,744","6,148","9,136","32,721","19,630","20,655","18,721","13,384","9,884","4,762","4,569","5,447","9,183","8,028","9,985","13,983","24,556","18,650","12,140","10,973","11,191","10,936","10,565","9,675","8,418",723,"1,930","2,926","3,503","1,446","2,274","2,103","5,895","2,277","2,702","2,796"
2020/4/21,"3,122","12,441","35,898","30,969","22,380","11,973","9,906","3,249","2,716","12,826","1,824","4,294","3,677","8,651","8,010","17,278","15,596","4,866","7,602","2,627","7,874","7,566","4,389","24,003","2,796","9,185","10,513","14,350","19,905","14,707","8,295","19,570","13,643","26,530","20,814","10,246","31,504","23,232","22,726","18,054","20,081","83,098","29,135","16,938","20,193","22,089","22,455","22,415","19,141","10,900","25,335","5,829","6,539","16,636","3,227","3,049","3,210","12,477","8,222","9,443","25,120","7,909","11,024","6,573","19,981","20,751","22,617","31,410","35,476","23,073","20,702","39,141","19,579","24,417","26,040","16,965","46,396","18,417","13,397","13,385","14,623","10,461","18,047","16,204","6,089","9,082","33,014","19,934","21,194","18,914","13,291","9,883","4,746","4,654","5,483","9,191","8,120","10,008","14,233","25,199","19,142","12,296","11,220","11,301","11,162","10,619","9,743","8,430",730,"1,925","2,930","3,435","1,452","2,279","2,145","5,800","2,338","2,634","2,767"
2020/4/22,"3,174","12,673","36,928","32,117","23,039","12,552","10,081","3,395","2,783","13,126","1,830","4,229","3,444","9,027","8,201","17,411","15,712","4,954","7,763","2,589","8,194","7,696","4,694","24,318","2,891","9,290","10,729","14,698","20,339","14,923","8,416","19,756","14,005","27,280","21,047","10,055","31,773","23,362","22,738","17,698","19,744","85,002","30,554","17,328","20,221","21,990","22,361","22,394","19,355","10,768","25,986","5,718","6,532","16,802","3,281","3,093","3,198","12,647","8,506","9,165","24,896","7,935","11,159","6,703","19,959","20,589","22,622","32,278","35,722","23,272","21,094","39,865","20,337","25,341","26,712","17,597","47,835","18,737","14,040","13,709","15,286","10,458","18,663","16,369","6,309","9,336","33,752","20,295","21,625","19,241","12,666","9,956","4,806","4,682","5,422","9,353","8,252","10,182","14,570","25,312","19,992","12,186","11,319","11,412","11,168","10,805","9,702","8,569",698,"1,863","2,920","3,506","1,484","2,318","2,085","5,890","2,387","2,666","2,792"
2020/4/23,"3,172","12,827","37,448","33,317","23,385","12,758","10,398","3,506","2,860","13,212","1,819","4,365","3,626","8,945","8,378","17,577","15,733","5,109","7,814","2,581","8,111","7,754","4,795","24,205","2,970","9,332","10,974","14,937","20,757","15,081","8,748","20,443","14,164","28,073","21,287","10,222","32,782","23,893","23,453","18,428","19,858","89,069","31,615","17,226","20,468","22,470","22,800","22,956","19,462","10,803","25,671","5,993","6,594","16,772","3,587","3,116","3,222","12,583","8,279","9,420","24,956","8,021","11,124","6,560","20,449","21,058","23,084","33,695","36,275","23,621","21,481","40,291","20,774","25,758","27,684","17,922","49,725","19,136","14,200","13,910","15,601","10,780","19,190","16,986","6,292","9,473","34,608","20,738","21,974","19,633","13,064","10,040","4,807","4,743","5,557","9,689","8,489","10,465","14,812","26,472","20,424","12,505","11,347","11,544","11,410","11,041","9,848","8,611",682,"2,121","3,054","3,592","1,454","2,354","2,351","6,046","2,341","2,807","2,785"
2020/4/24,"3,409","13,347","38,811","38,213","24,140","13,083","10,709","3,484","2,711","13,353","1,891","4,232","3,577","8,863","8,946","17,211","15,766","5,330","8,198","2,663","8,033","7,881","4,812","24,696","3,182","9,436","11,046","14,985","21,451","15,664","8,774","22,132","15,207","28,714","21,997","9,937","33,201","24,810","23,791","18,500","20,418","112,824","36,872","18,593","20,932","23,425","23,195","23,942","20,564","10,983","26,431","6,083","6,693","17,474","3,680","3,144","3,157","12,441","8,695","9,533","25,501","8,259","12,224","6,916","20,956","21,129","24,266","36,339","37,027","24,259","22,086","47,039","20,776","28,277","31,863","19,625","56,989","19,432","14,596","14,063","17,463","11,055","20,962","18,071","6,565","9,989","35,882","21,177","22,483","20,383","12,845","10,390","4,995","4,845","5,720","9,560","8,859","10,694","15,469","26,881","21,747","12,571","11,699","11,937","11,373","11,218","9,831","8,864",717,"2,169","3,175","3,871","1,717","2,471","2,363","7,113","2,511","2,976","2,990"
2020/4/25,"1,705","6,791","16,840","31,496","12,146","7,009","5,954","2,585","1,650","6,156","1,121","2,394","3,563","4,742","6,436","4,357","5,317","2,724","5,748","2,210","4,100","4,682","1,517","11,910","3,013","7,847","6,852","9,718","11,890","11,480","6,424","17,610","11,294","19,862","11,909","3,571","22,307","15,615","14,557","12,553","8,065","81,264","32,248","12,542","12,009","17,908","16,978","17,231","14,148","6,565","16,475","4,593","3,915","11,407","3,443","2,056","1,330","6,384","6,032","7,158","20,856","4,385","7,586","4,347","12,502","10,378","17,717","23,541","22,574","15,401","17,010","41,031","9,873","19,567","24,466","12,722","36,857","11,575","9,867","6,638","9,941","6,415","13,170","10,421","6,939","6,704","13,464","9,765","10,927","10,715","6,331","6,435","3,388","1,814","4,105","5,613","6,616","7,380","9,083","13,508","15,701","7,475","7,012","7,726","7,164","7,537","5,517","5,316",435,"1,555","2,071","3,131",871,864,"1,378","5,119","1,941","2,204","1,730"
2020/4/26,"1,690","5,257","12,452","23,094","8,875","5,287","4,583","2,228","1,425","5,671",872,"1,926","3,296","4,042","5,375","3,483","4,166","2,412","4,629","2,226","3,551","3,703","1,484","9,296","2,615","6,846","5,797","7,932","9,379","9,033","5,256","14,592","9,039","15,473","9,633","2,904","18,101","12,239","11,757","10,132","5,847","68,580","24,504","8,408","10,282","15,128","14,516","14,004","11,808","5,004","13,330","3,603","3,151","10,011","2,711","1,809","1,127","5,569","5,155","5,995","19,003","3,627","6,368","3,406","9,821","8,344","13,868","19,435","17,854","12,341","14,201","31,685","7,133","14,364","16,856","9,627","29,037","9,708","8,121","5,558","8,137","5,014","10,399","7,307","5,744","4,749","9,632","7,601","8,124","8,441","4,730","4,918","2,691","1,414","3,501","4,463","5,190","5,842","7,312","10,741","12,532","5,841","5,462","5,760","5,414","6,237","4,321","4,460",409,"1,392","1,803","2,658",662,712,"1,181","4,344","1,436","1,717","1,422"
2020/4/27,"3,311","12,274","35,952","30,889","22,857","12,051","10,004","3,241","2,678","12,842","1,840","4,276","3,714","8,779","7,869","17,357","15,527","4,925","7,602","2,651","7,865","7,522","4,507","24,180","2,844","9,303","10,495","14,617","20,118","14,627","8,174","20,251","13,777","27,987","20,152","10,034","31,681","22,909","22,690","17,903","20,486","87,316","28,314","17,117","20,196","21,855","22,423","22,669","18,867","10,991","25,883","5,832","6,618","16,747","3,218","2,990","3,149","12,524","8,281","9,536","25,917","7,854","11,235","6,685","19,811","20,715","22,295","32,375","35,369","23,205","20,880","39,206","18,644","24,818","25,934","16,717","47,751","17,642","13,776","13,258","14,844","10,786","19,013","15,928","6,254","8,992","33,173","20,108","20,828","19,292","12,728","9,708","4,760","4,557","5,354","9,259","8,180","9,967","14,083","25,373","18,965","12,201","11,189","11,269","11,056","10,718","9,734","8,451",686,"1,938","2,901","3,518","1,500","2,363","2,131","5,925","2,339","2,649","2,796"
2020/4/28,"3,218","12,739","36,810","35,827","23,273","12,635","10,103","3,446","2,758","13,026","1,930","4,282","4,318","8,900","8,314","17,697","15,686","5,127","8,018","2,924","7,852","7,817","4,656","24,746","2,909","9,951","10,761","14,690","20,789","15,080","8,502","20,556","14,669","28,877","22,285","10,546","32,542","23,792","23,048","18,262","21,001","88,099","31,232","17,944","20,415","23,593","24,091","23,674","20,146","11,229","26,656","5,933","6,669","17,350","3,514","3,142","3,266","12,659","8,648","9,918","26,774","8,062","11,613","6,724","20,350","21,432","23,135","33,042","36,206","23,567","21,915","40,866","19,800","25,600","27,712","17,560","48,949","18,761","14,130","13,721","15,274","11,358","19,251","16,575","6,895","9,746","33,736","20,627","21,386","19,715","13,208","10,211","4,851","4,717","5,500","9,390","8,303","10,112","14,627","25,549","20,029","12,468","11,363","11,524","11,165","11,013","9,991","8,670",755,"1,999","2,921","3,588","1,470","2,316","2,248","5,968","2,396","2,789","2,790"
2020/4/29,"3,264","12,983","37,482","35,881","23,602","12,918","10,263","3,445","2,879","13,119","1,909","4,379","4,343","9,294","8,707","17,572","15,953","5,199","8,149","3,010","8,010","7,965","4,751","24,964","2,982","10,286","11,023","14,951","21,229","15,519","8,647","21,307","14,845","29,591","22,132","10,335","32,982","23,863","23,422","18,593","20,748","91,820","32,562","18,494","21,063","24,101","24,572","24,022","20,469","11,392","27,373","6,079","6,811","17,670","3,562","3,180","3,340","12,924","8,710","10,004","27,534","8,187","12,077","6,966","20,426","21,248","23,481","33,829","36,904","23,947","22,084","42,465","20,614","26,493","28,372","18,371","50,047","18,834","14,417","13,889","15,657","11,552","19,932","16,977","6,957","9,846","34,544","20,937","21,617","19,946","12,513","10,127","4,953","4,624","5,641","9,350","8,511","10,485","14,720","25,843","20,963","12,512","11,655","11,515","11,245","11,034","10,001","8,675",731,"2,032","2,983","3,587","1,517","2,314","2,189","6,084","2,368","2,810","2,800"
2020/4/30,"3,480","13,185","38,650","39,644","24,072","13,007","10,544","3,611","2,816","13,050","1,918","4,431","4,656","9,135","9,043","17,532","15,689","5,154","8,329","3,073","7,909","7,842","4,694","25,091","3,289","10,473","11,162","15,103","21,269","15,791","8,805","22,194","15,137","30,003","22,445","10,455","33,197","24,284","23,515","18,564","21,072","112,396","35,879","18,800","21,404","24,594","25,501","24,691","20,929","11,473","27,605","6,076","6,945","17,798","3,727","3,237","3,372","12,934","8,865","10,208","28,436","8,261","12,612","6,911","20,706","21,202","24,208","36,206","36,830","24,086","23,521","45,021","20,588","27,113","31,774","19,285","54,847","19,326","14,598","14,136","17,731","11,650","20,977","17,904","7,042","10,204","35,242","21,360","22,049","20,369","13,274","10,342","5,187","4,704","5,772","9,598","8,530","10,603","15,161","26,949","21,671","12,646","11,598","11,392","11,246","11,149","10,011","8,597",734,"1,989","3,114","3,861","1,527","2,361","2,096","7,069","2,339","2,888","2,978"
2020/5/1,"2,652","7,402","17,869","34,012","16,325","9,157","6,927","3,169","1,961","10,053","1,391","3,877","5,976","7,024","6,828","6,657","6,966","4,245","6,883","3,305","5,793","6,344","1,959","14,773","3,668","10,493","8,579","11,629","14,323","13,741","7,133","20,254","12,312","21,155","16,348","6,931","26,178","18,320","17,527","14,567","14,927","105,933","32,883","11,951","14,422","20,812","23,411","19,777","16,735","9,240","22,855","5,043","4,474","15,167","4,055","2,471","2,032","9,334","7,081","8,316","28,355","5,236","10,705","5,503","16,248","13,833","20,053","30,653","27,561","17,809","20,040","41,772","13,902","20,865","24,910","13,895","44,733","14,473","12,020","9,094","14,387","8,911","14,417","10,875","6,536","8,089","15,701","11,881","12,079","11,951","10,869","8,308","4,033","1,888","4,996","7,447","7,401","9,079","10,406","14,607","17,291","9,804","9,112","9,150","8,398","8,739","7,704","6,661",575,"1,841","2,276","3,388",882,903,"1,628","7,087","2,090","2,540","1,929"
2020/5/2,"1,544","6,669","15,916","32,600","12,603","6,982","6,005","2,853","1,668","6,703","1,251","2,646","5,597","4,717","6,605","5,263","5,560","2,716","6,164","3,284","4,217","4,673","1,643","12,136","3,604","10,000","7,276","10,201","12,188","10,665","6,729","19,212","11,241","19,619","12,133","3,908","22,917","15,715","14,915","12,749","7,406","83,909","32,314","11,537","11,667","19,135","19,748","18,243","15,290","6,757","17,376","4,674","4,112","12,103","3,563","2,194","1,398","6,825","6,126","7,472","24,915","4,622","8,919","4,571","13,343","10,780","18,533","24,724","23,162","15,445","17,865","42,786","9,584","20,033","24,777","13,422","37,834","11,672","10,974","6,557","10,473","7,773","13,769","9,932","8,176","6,641","12,428","9,119","10,543","11,397","6,350","6,598","3,596","1,754","4,451","5,646","6,739","7,461","8,753","12,934","15,891","7,996","7,160","7,750","7,197","7,760","5,799","5,547",484,"1,731","2,058","3,165",720,784,"1,510","5,385","1,866","2,289","1,801"
2020/5/3,"1,702","5,727","13,327","26,078","10,274","5,721","5,192","2,755","1,532","6,282","1,051","2,174","4,638","4,151","5,753","4,838","5,035","2,812","5,361","2,835","3,993","4,325","1,612","10,374","3,217","8,691","6,546","8,926","10,472","10,164","6,209","17,586","9,817","16,290","11,119","3,542","20,861","13,816","13,095","10,992","6,136","77,016","26,205","9,406","10,682","16,730","17,650","15,838","13,472","5,500","15,101","3,888","3,414","11,372","3,113","1,996","1,142","6,215","5,580","7,164","24,796","4,295","7,752","3,912","11,754","9,352","15,281","22,124","20,264","13,876","15,678","35,598","7,769","16,957","18,602","10,778","31,705","10,898","9,568","6,125","9,322","6,646","11,289","8,144","7,283","5,283","10,010","7,765","8,731","9,156","5,967","5,195","2,951","1,596","3,943","4,935","5,772","6,048","7,877","11,188","13,548","6,697","6,177","6,455","6,041","6,703","5,133","4,997",415,"1,577","2,074","3,054",665,758,"1,222","5,010","1,600","2,037","1,746"
2020/5/4,"3,473","12,415","36,576","34,244","22,739","12,228","10,057","3,338","2,742","12,870","1,807","4,306","4,012","8,674","8,228","16,921","15,821","4,891","7,796","2,859","7,854","7,571","4,568","24,648","2,999","9,822","11,074","14,990","20,855","15,295","8,587","21,080","14,466","28,740","20,821","10,130","32,387","23,482","23,147","18,370","20,849","91,442","30,096","18,025","20,559","22,473","23,773","23,385","19,744","11,284","27,296","6,038","6,645","17,326","3,327","3,094","2,458","11,892","8,566","9,862","28,041","8,046","11,566","6,882","20,344","21,378","23,260","33,643","36,108","23,585","21,518","41,093","19,168","25,682","27,116","17,351","49,662","18,195","14,364","13,549","15,352","11,105","19,952","16,163","6,383","9,582","33,271","20,454","21,368","19,670","13,387","9,884","4,782","4,514","5,511","9,257","8,341","10,091","14,434","25,599","19,596","12,378","11,478","11,402","10,968","10,873","9,846","8,531",737,"1,992","3,016","3,663","1,492","2,306","2,129","6,082","2,310","2,664","2,794"
2020/5/5,"3,249","12,926","37,128","35,540","23,373","12,813","10,300","3,409","2,846","13,147","1,876","4,435","4,151","8,833","8,735","17,786","16,060","4,890","8,048","2,857","8,001","7,708","4,658","25,051","3,010","10,033","11,209","15,112","21,110","15,625","8,961","21,493","15,033","29,904","21,804","10,646","32,957","24,195","23,304","19,005","21,452","92,851","32,818","18,673","21,169","23,322","24,724","24,168","21,206","11,697","27,449","6,053","6,667","17,626","3,395","3,131","3,301","12,844","8,798","9,779","27,542","8,267","11,753","6,890","20,633","21,620","24,264","34,093","36,874","23,810","22,438","42,964","20,362","26,446","29,095","18,064","50,457","19,206","14,422","13,657","15,784","11,529","20,274","17,020","6,639","9,910","34,387","21,101","21,897","20,145","13,640","10,278","4,834","4,597","5,521","9,601","8,501","10,027","15,081","25,961","21,036","12,879","11,524","11,618","11,298","11,090","10,114","8,690",724,"1,999","2,985","3,635","1,542","2,380","2,156","6,237","2,470","2,819","2,909"
2020/5/6,"3,157","13,085","37,997","36,941","23,748","13,020","10,482","3,464","2,882","13,406","1,932","4,345","4,073","9,216","8,759","17,977","16,328","5,160","8,273","3,010","8,032","7,929","4,683","25,644","3,045","10,251","11,388","15,436","21,354","15,769","9,113","21,446","15,283","30,263","22,222","10,445","33,477","24,403","23,886","19,022","21,614","95,950","33,599","18,638","21,280","23,538","24,782","24,229","20,828","11,763","27,718","6,285","6,946","18,092","3,392","3,261","3,421","13,032","8,909","10,042","27,220","8,253","11,939","7,151","20,993","21,632","24,487","34,725","37,329","24,541","22,268","43,446","21,323","26,633","29,457","18,682","52,065","19,313","14,623","13,923","15,966","11,449","20,662","17,235","6,842","9,967","34,935","21,407","22,419","20,310","13,298","10,366","4,962","4,644","5,640","9,712","8,675","10,618","15,017","26,277","21,432","12,856","11,713","11,703","11,473","11,119","10,109","8,877",753,"2,038","2,959","3,634","1,432","2,367","2,241","6,233","2,335","2,781","2,914"
2020/5/7,"3,305","13,191","38,341","36,760","24,263","13,069","10,517","3,458","2,880","13,235","1,981","4,439","4,137","9,059","8,884","17,852","16,124","5,198","8,247","2,783","8,123","7,896","4,738","25,528","3,106","10,046","11,128","15,229","21,315","15,716","8,798","21,723","15,391","30,484","22,246","10,441","33,688","24,519","23,789","18,884","21,328","101,084","34,658","18,770","21,507","23,854","24,636","24,223","21,124","11,637","28,010","6,100","6,974","17,860","3,545","3,254","3,259","13,003","8,848","10,035","27,668","8,305","11,755","6,988","20,974","21,847","24,326","35,148","37,450","24,464","23,090","44,249","21,343","26,851","29,821","18,440","52,808","19,266","14,628","14,038","16,044","11,541","20,905","17,342","6,850","9,970","35,222","21,347","22,317","20,644","13,253","10,289","4,995","4,756","5,637","9,536","8,531","10,519","14,964","27,276","20,936","12,840","11,798","11,827","11,427","11,116","10,091","8,784",718,"2,028","3,049","3,693","1,547","2,380","2,165","6,386","2,320","2,772","2,915"
2020/5/8,"3,766","13,943","40,138","43,920","25,350","13,547","10,821","3,546","2,837","13,663","1,981","4,492","4,269","9,131","9,806","17,774","16,403","5,485","8,767","3,135","8,305","8,394","4,963","26,226","3,582","10,515","11,818","15,987","22,519","16,345","9,359","23,250","16,467","31,271","22,933","10,561","34,880","25,580","24,720","19,459","21,519","145,088","41,778","19,868","22,099","26,224","25,730","25,630","22,414","11,817","28,215","6,724","7,128","18,817","3,939","3,315","3,331","12,790","9,303","10,213","28,866","8,838","13,661","7,749","22,107","22,142","26,706","40,859","38,830","25,464","23,893","51,561","21,316","29,430","34,492","21,150","63,680","20,221","15,563","14,460","19,827","12,170","23,073","18,639","7,317","10,672","36,599","21,985","23,138","21,779","13,201","11,445","5,240","4,776","5,991","9,774","9,258","10,922","15,956","27,843","22,845","13,547","12,431","12,343","11,741","11,598","10,379","9,167",773,"2,173","3,193","4,059","1,688","2,472","2,368","8,280","2,502","3,183","3,129"
2020/5/9,"1,922","7,288","18,465","38,094","13,597","8,049","6,131","3,059","1,797","7,377","1,307","2,777","4,142","4,840","7,597","5,146","6,198","3,067","6,648","2,795","4,871","5,053","1,893","13,335","3,905","9,750","8,105","10,764","13,827","12,248","7,203","19,112","12,277","21,689","12,782","3,738","24,419","17,369","16,413","13,726","8,093","107,493","36,160","13,963","12,787","19,653","19,360","18,667","16,876","7,227","18,628","5,344","4,576","13,049","3,473","2,427","1,518","7,070","6,817","7,523","24,235","5,300","9,428","5,145","14,498","12,505","20,252","29,986","25,391","17,461","19,206","46,061","10,632","20,885","27,534","14,272","45,119","12,791","12,078","7,241","12,676","7,384","15,593","11,033","8,251","7,167","14,502","10,558","11,610","10,055","6,918","7,132","3,563","1,940","4,594","6,136","7,254","7,910","10,019","14,432","17,361","8,691","7,871","8,670","7,827","8,312","6,337","6,323",393,"1,877","2,309","3,536",818,873,"1,531","6,490","1,934","2,332","1,940"
2020/5/10,"1,798","5,540","13,277","29,278","9,346","6,147","5,115","2,766","1,505","6,480","1,059","2,000","3,506","4,295","6,159","3,987","4,346","2,751","5,314","2,218","3,946","4,175","1,820","10,548","3,458","7,619","6,755","9,110","11,447","10,466","6,550","16,366","9,984","16,667","10,961","2,747","20,936","14,383","13,529","11,617","5,859","84,509","26,522","9,475","11,076","15,468","15,895","14,818","14,036","5,846","15,242","4,394","3,437","11,239","2,560","2,023","1,078","5,890","5,670","7,153","24,004","4,480","7,358","4,159","11,691","9,319","15,762","24,401","20,265","13,916","15,456","34,724","7,685","15,095","18,142","10,186","35,942","11,229","9,889","6,389","10,322","5,328","11,966","8,235","6,177","5,122","10,243","7,607","9,006","7,526","6,018","5,100","2,942","1,541","3,577","4,831","5,885","6,164","8,086","11,536","13,497","6,527","6,114","6,625","6,084","6,948","5,270","5,077",391,"1,728","2,007","3,296",663,753,"1,235","5,556","1,516","2,107","1,674"
2020/5/11,"3,661","12,940","37,139","33,712","23,639","12,945","10,414","3,456","2,915","13,179","1,911","4,376","4,054","9,004","8,333","17,695","15,916","5,103","8,048","2,773","8,057","7,870","4,717","25,234","2,922","9,700","11,129","15,414","21,109","15,620","8,671","22,281","14,925","29,294","20,800","10,202","33,133","23,972","23,541","18,810","21,672","96,914","31,128","18,286","20,866","22,742","24,360","23,909","20,594","11,597","27,615","5,982","6,790","17,533","3,370","3,168","3,241","12,877","8,882","10,241","28,534","8,269","11,573","7,036","20,671","21,782","23,844","34,920","36,673","23,878","22,220","43,020","19,732","26,094","28,248","17,342","51,116","18,513","14,567","13,821","15,830","11,353","20,827","16,774","6,585","9,767","34,230","20,749","21,881","16,331","13,872","10,251","4,840","4,681","5,640","9,305","8,484","10,349","14,943","26,504","19,599","12,564","11,475","11,427","11,264","10,973","10,077","8,707",741,"2,047","3,053","3,844","1,535","2,377","2,212","6,238","2,408","2,829","2,992"
2020/5/12,"3,484","13,413","38,649","34,628","24,170","13,550","10,714","3,533","2,901","13,377","1,978","4,383","3,693","9,068","8,582","18,222","16,483","5,144","8,110","2,756","8,162","7,801","5,116","25,776","3,159","9,758","11,207","15,385","21,544","15,480","8,890","21,757","15,452","30,459","21,663","10,790","33,725","24,913","24,310","18,885","21,960","95,503","32,359","18,749","21,336","23,552","23,746","24,135","20,906","11,632","27,476","6,132","6,849","17,420","3,510","3,251","3,414","12,987","8,741","9,966","26,688","8,270","11,529","6,856","20,909","22,069","24,079","35,189","37,222","24,510","22,320","43,516","21,199","27,013","29,443","18,411","51,561","19,484","14,431","14,050","15,849","11,321","20,802","17,483","6,570","10,006","35,359","21,492","22,535","16,851","13,698","10,411","4,880","4,797","5,630","9,603","8,573","10,510","15,004","26,706","20,686","12,859","11,853","11,821","11,653","11,142","10,075","8,810",722,"2,115","3,184","3,774","1,579","2,513","2,304","6,363","2,424","2,825","2,916"
2020/5/13,"3,433","13,694","39,092","36,321","24,745","13,336","10,748","3,621","2,926","13,614","1,990","4,551","4,392","9,459","8,880","17,959","16,417","5,293","8,410","3,141","8,275","8,043","4,982","26,244","3,287","10,490","11,499","15,614","21,924","16,111","8,973","21,859","15,702","31,047","22,644","10,547","34,207","24,940","24,196","19,460","22,395","99,477","34,471","20,061","21,715","24,643","25,888","25,030","21,827","11,960","28,497","6,294","7,173","18,364","3,815","3,469","3,495","13,354","9,045","10,297","28,905","8,516","12,260","7,270","21,210","22,391","24,995","35,659","37,942","25,051","23,630","46,239","21,838","26,092","30,704","19,218","53,186","19,784","15,013","14,377","16,532","11,884","21,269","17,801","7,396","10,484","36,048","22,196","22,925","20,848","13,568","10,827","5,190","4,878","5,859","9,804","8,734","10,981","15,345","27,418","21,909","13,024","11,822","11,888","11,461","11,084","10,218","9,072",728,"2,063","3,070","3,599","1,567","2,479","2,272","6,421","2,514","2,849","3,027"
2020/5/14,"3,591","13,608","39,003","36,595","24,832","13,502","10,634","3,559","2,994","13,273","1,972","4,450","4,180","9,264","8,976","18,170","16,463","5,340","8,392","3,061","8,246","7,884","4,917","26,323","3,280","10,239","11,554","15,537","21,714","16,055","8,929","22,285","15,949","31,006","22,156","10,777","34,126","24,929","24,046","18,982","21,988","101,556","34,698","19,251","21,827","24,636","25,710","25,123","21,436","11,852","28,004","6,269","7,065","18,286","3,759","3,446","3,293","13,087","8,924","10,444","28,612","8,550","12,074","7,168","21,222","22,037","24,616","35,978","37,594","24,714","23,013","45,385","21,487","27,232","30,794","18,922","53,564","19,461","14,708","14,203","16,444","12,037","21,507","17,796","7,019","10,276","35,518","21,932","22,616","20,833","13,565","10,721","5,001","4,735","5,799","9,940","8,693","10,814","15,334","26,967","21,492","13,017","11,760","11,909","11,438","10,944","10,199","8,839",753,"2,072","3,065","3,776","1,589","2,426","2,158","6,475","2,400","2,863","2,939"
2020/5/15,"3,811","14,100","41,703","43,501","26,442","14,306","11,531","3,790","2,978","14,338","2,078","4,616","4,414","9,453","10,325","18,002","16,904","5,896","8,865","3,464","8,745","8,718","5,154","26,940","3,944","10,783","12,086","16,359","22,813","16,748","9,482","25,224","17,354","32,058","23,679","10,968","36,165","26,265","25,370","19,759","23,002","134,357","41,953","20,694","22,555","27,083","27,192","26,716","23,273","12,030","29,327","6,574","7,280","19,093","3,999","3,461","3,373","13,405","9,346","10,739","30,761","8,945","13,653","7,696","22,457","23,053","27,710","41,069","40,109","26,183","24,754","58,385","21,958","31,081","37,431","22,296","63,545","20,465","15,803","14,820","19,686","12,841","24,691","19,472","7,671","11,114","38,220","23,114","23,918","22,248","13,881","11,709","5,559","4,985","6,305","10,029","9,911","11,683","16,620","28,811","24,198","13,962","12,778","12,687","11,864","11,898","10,609","9,648",776,"2,260","3,292","4,162","1,734","2,502","2,351","8,115","2,696","3,312","3,398"
2020/5/16,"2,078","7,967","20,388","38,013","15,362","8,541","7,132","3,123","1,723","8,397","1,252","2,881","4,542","5,882","7,402","5,048","6,028","3,421","6,823","2,865","4,780","5,559","2,109","13,664","4,238","9,068","7,991","11,071","13,579","11,918","7,359","20,560","13,957","21,985","13,571","4,056","25,428","17,627","16,477","13,925","8,795","107,636","38,405","14,389","13,507","20,447","20,983","19,374","16,071","7,585","18,947","5,059","4,499","13,250","3,738","2,425","1,440","7,101","6,936","7,959","24,328","5,073","9,298","5,095","14,229","12,744","20,950","30,687","25,553","17,448","19,332","51,173","11,357","22,569","31,726","15,958","45,891","13,152","11,785","7,293","12,908","7,638","16,755","11,676","7,716","8,105","16,290","11,346","12,896","12,636","7,557","7,571","3,954","1,978","4,745","6,418","7,422","8,533","10,687","15,622","18,239","9,029","8,081","8,637","8,108","8,365","6,501","6,154",416,"1,878","2,322","3,514",927,"1,020","1,564","6,493","1,982","2,545","2,091"
2020/5/17,"2,037","6,299","15,195","29,228","11,429","6,629","5,731","2,936","1,647","7,881","1,125","2,259","4,294","5,096","6,806","4,344","5,069","3,188","5,782","3,085","4,245","4,707","1,940","11,352","3,991","8,820","7,083","9,690","12,092","10,887","6,578","19,052","11,228","18,011","12,857","3,333","22,098","15,142","14,061","12,115","7,242","92,096","30,327","10,050","12,749","18,139","19,037","16,965","14,308","6,144","16,213","4,160","3,705","12,085","3,320","2,243","1,158","6,443","5,956","7,495","26,784","4,790","7,538","4,222","12,121","10,149","17,682","25,947","21,822","15,242","17,343","43,599","9,269","18,761","22,073","11,953","37,188","11,145","10,416","6,596","11,018","6,606","14,038","8,956","7,848","6,589","12,167","8,706","9,719","10,480","6,483","6,198","3,445","1,845","4,255","5,347","6,579","7,134","8,760","13,486","15,398","7,538","6,495","7,133","6,572","7,363","5,484","5,328",390,"1,763","2,203","3,472",808,895,"1,306","5,831","1,669","2,310","2,046"
2020/5/18,"3,642","12,999","37,431","33,146","23,461","13,008","10,576","3,573","2,936","13,341","1,950","4,595","3,596","9,193","8,692","17,668","15,978","5,162","8,162","2,935","8,154","7,767","4,757","25,857","3,263","9,692","11,310","15,549","21,465","15,232","8,974","21,837","14,918","29,309","20,529","10,327","33,673","24,490","24,188","18,841","22,241","97,309","30,403","18,182","20,698","22,788","23,264","23,551","20,274","11,740","27,791","6,233","6,788","17,352","3,479","3,190","3,280","12,859","8,635","9,972","27,415","8,309","11,470","7,107","20,793","22,023","23,835","35,093","36,915","24,203","22,073","42,367","19,467","26,228","28,671","17,594","51,728","18,923","14,652","13,859","15,835","11,660","20,763","17,011","6,335","9,742","34,548","21,103","21,946","20,158","13,607","10,229","4,799","4,662","5,697","9,492","8,681","10,356","14,783","26,888","20,020","12,748","11,648","11,738","11,350","11,167","10,090","8,590",716,"2,068","3,141","3,843","1,557","2,381","2,227","6,327","2,296","2,818","2,950"
2020/5/19,"3,444","13,596","39,296","35,597","24,818","13,867","11,009","3,501","2,982","13,895","1,971","4,462","3,507","9,109","9,031","18,491","16,616","5,260","8,337","2,763","8,159","7,971","5,266","25,882","3,224","9,692","11,424","15,350","21,834","15,823","9,145","22,424","15,501","30,994","22,064","10,971","34,560","25,379","24,686","19,285","22,877","95,807","32,669","18,963","21,587","22,988","23,754","23,934","20,792","11,887","27,526","6,209","6,861","17,549","3,595","3,349","3,369","13,207","8,648","9,762","25,823","8,268","11,514","7,036","21,056","22,356","24,411","35,873","37,852","24,768","22,230","44,005","21,827","25,776","30,275","18,711","52,868","19,805","14,787","14,462","16,263","11,662","21,538","17,905","6,493","9,992","36,407","21,963","23,109","20,583","14,041","10,425","4,963","4,948","5,732","10,022","8,769","10,663","15,839","28,190","21,447","13,043","11,778","12,094","11,825","11,484","10,138","8,844",745,"2,129","3,274","3,828","1,596","2,606","2,423","6,515","2,400","2,887","3,033"
2020/5/20,"3,498","13,917","39,873","37,731","25,426","13,897","11,088","3,646","2,997","13,993","2,027","4,473","3,734","9,485","9,435","18,367","16,844","5,377","8,680","2,950","8,427","8,170","5,090","26,501","3,440","10,012","11,717","15,848","22,234","16,048","9,325","23,009","17,113","31,543","23,448","10,918","35,015","25,744","24,927","19,570","24,303","102,895","35,411","19,924","22,074","24,553","24,780","25,307","21,897","11,985","28,719","6,488","7,113","18,296","4,002","3,520","3,353","13,334","9,155","10,430","27,990","8,471","11,999","7,400","21,517","22,568","25,116","37,003","39,033","25,351","23,362","47,885","21,910","28,228","32,145","19,934","55,342","19,885","15,211","14,652","16,858","12,194","22,656","18,277","6,922","10,623","37,081","22,608","23,456","21,108","14,133","10,678","5,192","4,884","6,028","10,039","9,091","10,899","15,890","28,048","22,735","13,335","11,949","12,134","11,913","11,447","10,263","9,069",707,"2,127","3,227","3,910","1,598","2,533","2,432","6,736","2,421","2,954","3,150"
2020/5/21,"3,546","13,994","40,190","37,573","25,270","14,147","11,114","3,917","2,905","13,885","2,027","4,601","3,903","9,367","9,256","18,401","16,811","5,495","8,734","2,962","8,575","8,238","5,143","26,497","3,477","10,136","11,860","16,215","22,326","16,126","9,576","22,834","16,519","31,800","23,238","10,592","35,584","25,624","25,009","19,309","22,630","104,670","34,841","19,400","22,182","24,327","23,768","24,726","21,414","12,027","28,606","6,423","7,039","17,752","4,059","3,343","3,323","13,243","8,896","10,183","27,338","8,226","12,105","7,188","21,374","22,264","24,857","37,369","38,193","25,018","23,454","45,182","21,539","26,242","31,291","19,492","55,464","20,341","15,336","14,674","17,582","11,887","22,305","18,669","6,837","10,648","36,483","22,384","23,391","20,842","14,059","10,657","5,037","4,928","5,865","10,271","8,973","11,040","16,112","28,618","21,993","13,424","11,828","12,362","12,027","11,570","10,272","8,895",665,"2,251","3,371","3,975","1,590","2,455","2,450","6,666","2,329","3,140","3,072"
2020/5/22,"3,949","14,541","42,798","43,112","26,361","14,880","11,876","4,036","2,860","14,161","2,026","4,432","3,712","9,193","10,413","18,709","17,015","5,642","9,253","2,897","8,854","8,379","5,535","26,597","3,785","9,912","12,260","16,503","23,131","16,362","9,961","24,016","17,393","32,835","23,409","10,697","36,358","26,465","25,471","19,564","22,016","134,123","39,726","20,162","22,334","25,165","23,536","24,700","21,678","11,775","28,063","6,652","7,094","17,722","4,275","3,461","3,358","12,835","8,843","10,087","26,666","8,642","12,825","7,290","21,966","22,353","26,227","42,169","39,289","25,632","23,151","52,616","22,246","29,974","35,941","21,530","63,027","21,065","15,791","14,959","20,279","11,937","24,074","20,144","6,906","10,999","38,732","23,578","24,561","21,435","13,597","10,801","5,258","4,973","6,096","10,311","9,907","11,434","17,043","29,038","23,672","13,858","11,936","13,102","12,374","12,117","10,375","9,112",675,"2,405","3,691","4,545","1,696","2,646","2,635","8,043","2,524","3,385","3,257"
2020/5/23,"1,975","8,020","20,534","39,253","14,428","8,848","6,999","2,998","2,006","7,473","1,143","2,571","2,717","5,488","8,180","5,030","5,907","3,050","6,708","2,211","4,905","5,328","2,036","13,437","4,136","7,591","7,965","11,396","14,314","12,897","7,526","21,293","13,951","23,304","13,781","3,904","26,051","17,885","17,768","13,919","9,181","105,171","38,646","14,490","13,736","18,919","17,850","19,032","15,928","7,297","19,104","4,998","4,501","12,311","3,956","2,364","1,388","6,775","6,761","7,379","20,071","5,011","8,419","5,079","14,184","12,241","21,505","30,218","26,312","17,844","20,585","54,434","11,797","23,733","33,073","15,784","45,727","13,909","11,998","7,508","12,723","5,945","16,698","12,259","6,673","7,997","16,869","11,860","12,768","12,796","7,606","7,106","3,973","2,105","4,512","6,773","8,196","8,300","11,458","16,239","18,247","8,684","7,856","8,814","8,100","8,743","6,174","6,109",508,"2,059","2,593","4,005","1,116","1,025","1,760","6,676","2,154","2,621","2,082"
2020/5/24,"2,127","6,865","15,612","30,896","11,280","7,287","5,898","2,994","1,867","6,826","1,189","2,489","5,722","5,115","7,867","4,741","5,250","3,070","6,131","3,410","4,418","4,713","1,910","11,935","4,152","10,681","7,448","10,447","12,776","11,967","6,892","23,124","12,226","18,536","18,087","3,645","23,972","16,093","14,991","12,897","7,795","110,776","31,788","11,140","13,164","20,416","21,584","19,121","15,623","6,351","18,076","4,686","3,999","13,178","3,709","2,387","1,331","7,398","6,460","8,501","34,861","5,038","8,238","4,477","12,691","10,990","18,539","27,236","22,996","15,958","19,223","48,087","9,713","19,671","23,954","12,048","38,964","11,756","10,676","7,057","11,534","7,117","15,247","9,531","9,608","7,702","12,431","9,145","10,351","11,614","6,904","6,579","3,748","1,849","4,728","5,467","6,702","7,756","9,101","13,926","16,625","7,625","6,749","7,322","6,751","7,531","5,856","5,811",492,"1,877","2,297","3,670",896,899,"1,455","6,260","1,819","2,378","2,157"
2020/5/25,"3,941","13,451","38,574","34,203","24,036","13,377","10,714","3,429","2,876","13,532","1,981","4,431","3,900","9,314","9,020","18,195","16,522","5,232","8,208","3,035","8,409","7,740","4,911","26,246","3,342","9,948","11,469","15,699","21,841","15,612","8,921","22,663","15,246","30,061","21,566","10,597","34,192","24,680","24,333","19,034","23,746","101,323","32,702","19,492","21,501","23,973","24,820","24,787","21,495","12,070","29,274","6,240","7,076","18,112","3,776","3,284","3,461","13,487","9,102","10,352","29,879","8,453","11,962","7,161","21,159","22,448","24,333","35,712","37,732","24,831","23,463","45,012","19,933","25,411","30,307","18,271","53,382","19,073","14,967","14,295","16,403","12,240","21,906","17,631","6,795","10,502","35,535","21,825","22,633","20,806","13,925","10,480","5,063","4,795","5,940","9,555","8,851","10,709","15,521","27,224","20,672","12,912","11,847","11,939","11,590","11,289","10,172","9,043",775,"2,074","3,214","3,836","1,630","2,496","2,325","6,524","2,426","2,892","3,212"
2020/5/26,"3,655","13,810","39,341","36,571","24,947","13,561","10,802","3,549","2,919","13,781","1,936","4,399","4,265","9,422","9,484","18,282","16,731","5,319","8,488","3,069","8,313","7,936","5,077","26,582","3,351","10,171","11,540","15,743","21,906","16,190","9,322","22,461","15,672","31,111","22,765","10,997","34,589","25,293","24,671","19,260","23,511","100,329","34,079","19,947","22,081","24,417","25,200","24,814","21,569","12,183","28,869","6,415","7,124","17,307","3,805","3,450","3,449","13,483","9,118","10,390","28,506","8,561","12,219","7,105","21,348","22,790","25,007","32,143","38,158","24,827","23,581","46,857","21,095","27,393","31,854","19,043","54,161","19,921","15,042","14,519","16,855","12,144","22,282","17,862","7,052","10,524","36,183","21,893","22,934","20,769","14,206","10,635","5,159","4,827","5,771","9,836","8,987","10,922","15,848","27,422","21,615","13,051","11,970","12,068","11,598","11,256","10,384","9,081",740,"2,117","3,195","3,762","1,650","2,502","2,302","6,557","2,462","2,815","3,113"
2020/5/27,"3,678","14,385","41,544","37,755","25,510","14,147","11,325","3,827","3,127","14,218","2,042","4,558","4,143","9,687","9,777","18,781","17,287","5,463","8,771","2,873","8,622","8,170","5,380","26,668","3,312","10,004","11,963","16,063","22,638","16,502","9,366","23,013","16,636","32,436","23,098","10,854","35,751","26,072","25,369","19,885","23,425","103,180","35,662","20,429","22,215","24,460","24,524","24,811","21,523","12,253","29,074","6,601","7,200","18,183","4,008","3,506","3,456","13,523","8,908","10,429","27,398","8,566","11,978","7,385","21,940","22,937","25,247","37,068","38,947","25,656","23,943","48,422","22,983","28,998","33,574","19,957","56,189","20,587","15,527","14,908","17,542","12,294","22,889","18,622","7,009","10,723","37,962","22,811","23,905","21,343","14,102","10,715","5,298","4,987","6,116","10,293","9,431","11,191","16,238","28,697","22,468","13,178","12,088","12,600","12,019","11,813","10,320","9,057",746,"2,236","3,300","4,002","1,669","2,698","2,491","6,838","2,505","3,056","3,216"
2020/5/28,"3,823","14,013","41,546","37,614","25,639","14,315","11,389","3,758","2,956","13,725","1,957","4,420","3,724","9,456","9,326","19,006","17,189","5,115","8,872","2,816","8,569","7,979","5,507","26,371","3,412","9,625","11,820","15,757","22,354","15,850","9,344","23,256","16,183","31,419","22,913","10,637","35,442","25,780","25,144","19,091","22,659","107,532","35,470","19,620","22,112","24,061","24,230","24,549","21,267","11,823","28,346","6,388","7,088","17,556","3,805","3,511","3,320","13,192","8,941","10,223","26,856","8,211","11,751","7,018","21,319","22,491","24,369","37,858","38,558","25,055","23,069","46,960","22,346","28,294","33,097","19,600","56,659","20,112","15,179","14,945","17,393","12,037","23,404","19,051","6,779","10,481","37,685","23,177","23,706","20,987","13,920","10,666","5,180","4,896","6,010","10,330","9,224","11,032","16,188","27,835","22,026","13,349","11,924","12,520","12,013","11,840","10,126","9,021",730,"2,332","3,431","4,066","1,652","2,677","2,477","6,958","2,428","2,965","3,142"
2020/5/29,"4,237","14,531","43,080","44,232","26,579","14,851","11,757","3,906","3,110","14,301","2,094","4,569","5,001","9,453","11,086","18,469","17,006","5,436","9,268","3,103","8,767","8,424","5,241","27,261","3,888","10,479","12,388","16,661","23,484","17,082","10,063","24,971","17,314","32,755","23,953","10,988","36,957","26,883","25,822","19,969","23,368","142,610","43,146","21,404","22,728","27,114","26,032","26,784","23,289","12,239","29,658","6,750","7,501","19,291","4,336","3,646","3,316","13,485","9,568","10,907","30,021","8,900","13,844","7,817","22,397","22,725","27,707","42,602","40,376","26,436","25,089","57,274","22,521","28,918","41,458","23,006","67,774","21,118","16,194","15,037","21,044","12,541","26,160","20,378","7,425","11,635","39,023","23,685","24,851","22,446","13,666","11,383","5,577","4,991","6,334","10,192","9,813","11,899","17,282","29,196","24,175","13,745","12,450","12,871","12,197","12,124","10,626","9,450",736,"2,365","3,471","4,253","1,797","2,588","2,520","8,248","2,634","3,372","3,450"
2020/5/30,"2,342","8,485","21,693","41,572","15,308","8,802","7,176","3,424","2,193","8,235","1,460","3,087","5,959","5,899","8,986","5,705","6,286","3,335","7,469","3,168","5,042","5,669","2,161","14,878","4,756","10,220","8,837","12,397","15,360","13,850","8,266","23,595","14,718","24,989","15,608","4,898","28,615","19,895","18,852","15,913","10,389","120,308","42,083","16,745","14,791","23,363","24,483","22,697","17,875","8,156","21,931","5,678","4,996","14,629","4,598","2,709","1,667","8,045","7,576","9,011","31,125","5,797","10,310","5,897","15,593","14,462","24,403","34,353","29,544","19,189","23,798","62,375","13,024","25,461","39,591","17,323","54,804","14,368","13,248","8,133","14,498","8,374","20,157","13,560","8,805","9,411","17,539","12,272","13,558","14,688","8,592","8,876","4,517","2,168","5,409","7,064","8,724","9,726","12,049","17,931","20,151","9,984","8,993","9,766","8,682","9,214","7,307","6,996",608,"2,136","2,558","4,167","1,092","1,142","1,746","7,194","2,210","2,823","2,429"
2020/5/31,"2,387","7,089","16,168","32,360","11,560","7,336","5,870","3,080","1,950","7,233","1,175","2,425","6,442","5,386","7,818","4,712","5,069","3,128","6,491","3,340","4,631","4,815","2,127","12,294","4,227","9,717","7,709","10,568","12,677","12,246","7,222","20,848","12,213","18,875","14,457","3,671","24,702","16,938","15,921","13,582","7,654","107,408","32,865","11,364","13,425","20,645","21,857","18,933","15,679","6,554","19,349","4,540","4,002","13,547","3,746","2,302","1,426","7,062","6,625","8,573","32,033","4,782","8,336","4,642","13,165","10,886","19,384","28,855","24,250","16,217","19,241","48,222","10,367","20,073","32,912","12,852","44,974","12,285","12,026","7,182","12,618","7,232","16,347","9,836","8,341","7,177","12,506","9,615","10,348","11,405","7,022","7,010","3,739","1,802","4,984","5,766","6,880","7,824","9,342","13,687","16,482","7,914","7,391","7,847","7,296","7,606","6,086","5,903",565,"1,971","2,433","3,591",902,888,"1,499","6,496","1,819","2,625","2,239"
2020/6/1,"4,058","13,437","38,904","33,987","23,983","13,513","10,638","3,463","2,901","13,626","1,983","4,406","4,105","9,119","9,116","18,247","16,519","5,086","8,222","2,999","8,401","7,749","4,929","26,056","3,212","9,915","11,534","16,000","21,826","15,857","9,055","22,884","15,461","30,465","21,221","10,487","34,541","24,736","24,560","19,248","23,181","102,251","32,096","19,509","21,415","23,733","24,735","24,253","21,216","12,166","29,337","6,235","7,123","18,026","3,600","3,322","3,202","13,215","8,970","10,473","29,308","8,458","11,940","7,320","21,392","22,495","24,631","35,601","37,026","24,745","23,517","44,911","19,855","26,634","29,280","18,139","54,271","19,145","15,063","14,487","16,515","11,945","22,013","17,427","6,778","10,265","36,154","20,891","22,779","20,935","13,870","10,354","5,107","4,787","5,834","9,610","8,898","10,822","15,322","26,606","20,621","12,998","11,767","12,028","11,598","11,276","10,281","8,916",739,"2,127","3,186","3,800","1,640","2,471","2,261","5,899","1,912","2,907","3,155"
2020/6/2,"3,871","13,774","40,017","36,144","24,979","13,877","10,801","3,582","2,914","13,654","1,958","4,461","4,649","9,474","9,431","18,716","17,036","5,175","8,639","3,046","8,430","8,101","5,140","26,880","3,335","10,234","11,741","15,995","22,037","16,270","9,232","23,229","15,966","31,244","22,927","10,691","35,031","25,559","24,759","19,542","23,923","102,172","34,318","20,195","21,950","24,724","25,715","25,402","21,857","12,350","29,682","6,349","7,216","18,304","3,594","3,447","3,429","13,371","9,099","10,516","28,947","8,363","12,191","7,183","21,439","23,006","25,196","36,510","37,758","25,241","23,809","46,698","21,451","27,659","30,337","19,156","54,495","19,729","15,020","14,676","17,138","12,232","22,539","18,357","6,993","10,456","36,728","21,759","23,239","21,217","14,125","10,737","5,248","4,945","6,012","9,882","8,803","10,879","15,735","27,350","21,734","13,041","11,803","12,144","11,775","11,335","10,509","9,046",770,"2,091","3,213","3,858","1,645","2,512","2,315","6,016","1,958","2,958","3,142"
2020/6/3,"3,857","14,136","40,557","37,810","25,199","14,119","11,123","3,692","2,971","14,148","2,010","4,622","5,342","9,845","9,832","18,677","16,998","5,339","8,792","3,284","8,515","8,134","5,125","26,802","3,559","10,897","12,195","16,129","22,400","16,543","9,515","23,785","16,428","31,956","23,389","10,949","35,509","26,059","25,107","19,739","23,811","106,786","36,025","20,783","22,552","25,361","27,006","25,954","22,437","12,237","30,525","6,570","7,219","18,874","3,929","3,470","3,512","13,650","9,444","10,843","30,368","8,512","12,651","7,548","21,908","22,886","25,541","36,750","38,532","25,791","24,279","49,144","22,166","28,476","32,056","19,767","56,626","19,991","15,508","14,809","17,415","12,487","23,648","18,422","7,477","10,788","37,092","22,298","23,493","21,856","13,885","11,059","5,340","4,949","6,042","9,938","9,298","11,222","16,106","28,003","22,974","13,291","12,042","12,374","11,846","11,514","10,500","9,107",677,"2,209","3,244","3,861","1,642","2,563","2,346","5,830","2,034","2,967","3,151"
2020/6/4,"3,986","14,060","41,080","40,283","25,487","13,871","11,290","3,635","3,087","13,809","1,990","4,459","5,201","9,502","9,794","18,654","17,049","5,377","8,872","3,088","8,424","8,091","5,143","26,903","3,587","10,365","11,943","16,195","22,069","16,666","9,384","23,825","16,342","32,057","24,260","10,880","35,392","25,807","25,129","19,561","23,597","111,618","36,277","20,427","22,613","25,337","26,717","25,681","22,317","12,033","30,000","6,440","7,260","18,779","3,679","3,600","3,314","13,568","9,159","10,572","29,962","8,433","12,588","7,334","21,712","22,928","25,449","37,042","38,356","25,883","23,938","48,122","22,228","28,797","31,528","19,914","57,228","20,008","15,347","15,179","17,582","12,707","23,848","18,701","7,162","10,899","37,746","22,361","24,177","21,743","13,781","11,190","5,292","4,917","6,081","9,971","9,094","11,352","15,925","27,661","22,841","13,282","11,896","12,219","11,934","11,491","10,362","9,047",681,"2,109","3,175","3,847","1,675","2,492","2,321","5,980","1,979","3,036","3,202"
2020/6/5,"4,269","14,549","43,047","45,324","26,363","14,776","11,751","3,818","3,016","14,276","2,089","4,657","5,169","9,555","10,692","18,469","17,054","5,568","9,291","3,250","8,764","8,500","5,336","27,497","3,774","10,974","12,217","16,582","23,516","17,360","9,928","26,332","17,931","33,028","24,478","11,082","36,460","26,801","25,607","19,910","24,010","147,852","42,747","21,793","23,473","27,280","27,904","26,920","23,350","12,323","30,673","6,728","7,625","19,504","4,116","3,652","3,314","13,386","9,487","10,923","30,561","8,898","13,970","7,778","22,513","23,159","27,808","41,935","39,826","26,323","25,555","57,886","22,603","30,861","37,674","22,617","67,964","20,883","16,406","15,231","21,548","12,744","25,923","20,380","7,883","11,573","38,910","23,014","24,654","23,097","14,292","11,533","5,727","5,042","6,247","10,137","9,934","11,790","17,191","29,475","24,808","13,837","12,403","12,804","12,166","11,847","10,652","9,609",730,"2,262","3,358","4,210","1,792","2,504","2,387","7,675","2,097","3,262","3,459"
2020/6/6,"2,570","8,465","21,579","41,953","16,536","9,221","7,493","3,409","2,163","8,126","1,402","3,118","6,372","6,315","9,186","5,821","6,843","3,362","7,547","3,173","5,177","5,720","2,234","14,894","4,506","10,544","9,201","12,365","15,474","14,215","8,171","26,502","15,038","25,245","15,484","4,586","28,171","20,229","18,869","15,570","9,875","125,874","41,563","16,599","15,805","23,780","25,587","22,706","18,057","8,174","21,878","5,537","5,135","14,982","4,456","2,839","1,627","7,742","7,396","9,164","30,174","5,926","10,439","5,668","15,846","15,094","24,400","34,249","28,415","19,216","23,077","63,036","12,894","26,563","33,054","16,399","53,804","14,122","12,949","8,088","14,642","8,534","19,710","13,288","8,618","9,470","17,527","12,828","13,582","15,296","11,114","8,510","4,702","2,410","5,552","7,162","8,658","9,860","12,056","18,203","20,547","10,533","9,205","9,877","8,932","9,116","7,735","7,135",521,"2,199","2,607","4,032","1,128","1,045","1,806","7,176","1,988","2,911","2,412"
2020/6/7,"2,543","6,607","15,799","30,263","11,060","7,361","5,937","3,155","1,961","6,929","1,128","2,264","4,587","5,398","7,746","4,504","5,793","3,193","6,010","2,476","4,432","4,518","1,980","11,785","4,241","8,486","7,573","10,463","12,678","12,000","7,012","20,300","12,212","18,972","13,196","3,130","23,199","15,883","15,382","12,441","6,924","110,662","31,272","11,192","13,028","17,471","19,474","17,096","14,165","6,122","16,959","4,302","3,577","12,278","3,456","2,255","1,144","6,197","5,633","7,553","23,355","4,876","8,036","4,450","12,636","10,407","18,310","28,903","23,058","15,205","16,724","44,928","11,001","19,139","22,313","12,115","41,297","11,710","10,695","6,781","12,235","5,653","15,256","9,536","6,326","6,432","12,611","9,757","10,718","10,523","6,840","5,932","3,585","1,763","4,229","5,568","6,567","7,122","9,302","13,183","15,402","7,962","6,692","7,653","7,013","7,484","5,772","5,582",421,"1,875","2,311","3,407",865,842,"1,425","6,171","1,511","2,379","2,021"
2020/6/8,"4,173","13,523","39,953","35,878","24,645","13,708","11,119","3,611","2,939","13,847","1,933","4,437","4,007","9,598","9,550","18,258","16,521","5,204","8,500","2,965","8,490","7,758","5,217","26,530","3,350","9,998","11,830","16,047","22,094","16,215","9,008","23,102","15,825","31,253","21,773","10,357","35,105","25,446","24,683","19,327","23,006","105,585","32,899","20,090","21,668","23,809","24,477","24,306","21,379","12,206","29,267","6,458","7,164","17,921","3,755","3,338","3,381","13,275","9,034","10,567","28,917","8,465","12,065","7,372","21,404","22,883","24,897","36,505","37,945","25,154","23,841","46,613","20,582","27,589","29,823","18,753","55,346","19,296","15,397","14,936","17,008","11,880","22,601","17,930","6,730","10,414","36,521","21,592","23,223","21,279","13,783","10,316","5,234","4,884","5,802","9,744","9,022","10,799","15,672","27,041","21,333","13,252","11,832","12,224","11,692","11,410","10,372","8,893",739,"2,163","3,254","3,894","1,591","2,500","2,536","6,274","1,937","2,957","3,166"
2020/6/9,"3,983","14,049","40,316","37,792","25,272","14,104","11,162","3,627","2,968","13,927","2,119","4,436","4,859","9,824","9,579","18,749","17,157","5,237","8,721","3,084","8,443","8,048","5,344","26,989","3,297","10,292","11,881","16,083","22,541","16,543","9,388","23,289","16,221","31,845","23,583","10,976","35,314","26,023","25,090","19,586","24,332","107,223","34,903","20,984","22,787","25,208","26,581","25,842","22,930","12,627","30,059","6,538","7,494","18,649","4,101","3,426","3,476","13,781","9,347","10,753","29,404","8,538","12,462","7,419","21,685","22,958","26,186","37,083","38,472","25,284","24,088","48,217","22,207","28,516","31,822","19,233","56,278","20,079","15,220","14,860","17,365","12,427","23,242","18,389","7,211","10,601","37,315","22,091","23,670","21,908","13,976","10,826","5,352","4,922","6,110","9,776","9,309","10,959","16,067","28,180","22,369","13,355","11,854","12,380","11,901","11,456","10,517","9,182",799,"2,146","3,334","4,011","1,688","2,538","2,539","6,208","2,016","2,915","3,430"
2020/6/10,"4,119","14,321","41,114","39,757","25,659","14,088","11,285","3,873","2,971","14,575","2,039","4,495","4,890","9,914","9,980","18,916","17,275","5,438","9,053","3,279","8,641","8,121","5,355","27,246","3,272","10,808","12,357","16,123","22,748","16,981","9,456","23,978","16,751","32,763","23,819","10,701","36,150","26,227","25,263","19,941","23,697","111,489","36,764","21,049","22,993","26,086","26,507","26,069","23,217","12,667","30,996","6,655","7,343","19,236","3,898","3,580","3,549","13,707","9,626","10,803","30,601","8,787","12,707","7,634","22,109","23,222","26,484","38,286","39,338","26,171","24,863","50,711","23,505","29,454","33,158","20,223","58,198","20,298","15,791","15,050","17,821","12,675","24,268","18,713","7,680","11,006","37,670","22,830","23,945","22,298","13,755","10,988","5,481","4,974","6,031","10,019","9,379","11,501","16,079","29,337","23,465","13,419","12,364","12,553","11,921","11,659","10,667","9,124",769,"2,178","3,239","3,870","1,648","2,652","2,426","6,322","2,024","3,100","3,233"
2020/6/11,"4,215","14,319","41,854","40,079","25,820","14,250","11,279","3,617","3,075","13,842","2,050","4,590","4,982","9,840","9,823","18,841","17,190","5,388","9,044","3,159","8,593","8,245","5,503","27,417","3,439","10,563","12,281","16,087","22,864","16,539","9,269","23,869","16,719","32,472","23,996","10,891","35,880","26,161","25,300","19,934","23,603","115,233","37,362","20,769","23,326","26,006","26,646","26,019","22,754","12,700","29,663","6,433","7,366","18,786","3,926","3,539","3,452","13,658","9,219","10,835","30,038","8,840","12,954","7,400","22,022","23,234","26,138","38,153","38,601","25,834","24,666","50,576","22,776","29,151","33,652","20,034","59,443","20,215","15,845","15,496","18,028","12,843","24,613","18,905","7,524","11,034","38,354","22,488","24,056","22,026","13,972","10,983","5,421","4,971","6,137","10,126","9,311","11,413","16,313","28,218","23,167","13,494","12,146","12,429","11,983","11,535","10,503","9,157",753,"2,225","3,244","3,919","1,627","2,523","2,439","6,368","1,984","2,992","3,277"
2020/6/12,"4,573","15,076","43,933","46,782","26,919","14,905","11,631","3,854","3,008","14,370","2,123","4,760","6,011","9,930","11,584","18,772","17,474","6,025","9,601","3,355","9,044","8,788","5,721","28,101","3,758","11,234","12,404","17,006","23,938","17,320","9,853","26,699","17,922","33,876","25,797","11,469","37,329","27,277","26,389","20,122","23,771","144,923","43,940","22,479","23,872","27,933","29,296","28,253","24,385","12,629","31,015","6,732","7,659","19,984","4,625","3,715","3,420","13,890","9,759","11,307","32,315","9,211","14,155","7,832","23,056","23,575","28,493","42,996","40,086","26,885","26,122","62,464","23,855","32,268","38,693","22,944","69,225","21,003","16,515","15,523","20,803","13,328","27,652","20,600","7,898","12,048","39,797","24,443","25,330","23,935","13,764","11,613","5,715","5,064","6,584","10,266","10,327","12,072","17,592","30,093","25,514","14,189","12,773","13,802","12,450","12,195","10,840","9,631",797,"2,272","3,330","4,311","1,829","2,566","2,506","7,799","2,152","3,380","3,401"
2020/6/13,"2,858","8,683","23,240","42,953","16,368","9,885","7,408","3,449","2,427","9,410","1,590","3,285","7,298","6,593","9,395","5,927","7,161","3,509","7,785","3,244","5,657","5,783","2,378","15,527","4,490","11,120","9,331","12,833","16,672","14,200","8,366","24,594","15,476","26,769","18,530","4,739","29,503","21,575","19,768","16,591","12,045","137,803","44,765","17,485","17,326","27,362","28,542","23,860","19,019","8,623","25,109","5,766","5,204","15,582","4,706","2,889","1,679","8,442","8,221","10,009","35,087","6,210","11,180","6,025","16,533","14,963","25,218","36,385","30,390","20,771","23,012","67,049","13,588","28,093","33,459","17,856","54,469","14,495","13,898","8,436","15,475","9,110","22,138","13,964","8,650","9,764","19,201","15,077","14,604","16,215","8,378","8,954","4,585","2,259","5,805","8,124","9,150","9,957","12,716","18,601","21,267","11,546","10,074","10,487","10,883","10,174","7,405","7,196",565,"2,166","2,672","4,082","1,109","1,175","1,888","7,241","1,957","3,035","2,537"
2020/6/14,"2,857","6,672","16,192","32,064","11,333","8,042","6,029","3,173","1,848","8,951","1,213","2,467","6,085","5,355","7,591","4,616","6,005","3,206","6,246","2,815","4,611","4,869","2,041","12,121","4,228","9,924","7,891","10,761","13,318","12,033","7,429","22,365","12,296","19,282","14,354","3,502","24,372","16,808","15,686","13,281","7,417","122,043","31,973","11,292","14,382","21,385","19,738","18,057","15,204","6,598","18,441","4,504","3,825","13,275","3,705","2,570","1,326","6,641","6,275","8,255","27,534","5,279","8,618","4,788","13,640","11,159","19,197","30,415","23,120","15,974","18,063","47,813","10,773","21,095","22,242","12,893","42,149","12,297","10,807","7,039","12,527","6,600","17,420","9,891","7,070","7,369","13,386","11,472","10,910","11,480","6,618","6,512","3,503","1,756","4,446","5,963","6,858","7,577","9,626","13,698","16,450","8,300","7,142","8,155","7,346","7,812","6,119","5,957",435,"1,956","2,312","3,701",784,947,"1,462","6,290","1,469","2,457","2,186"
2020/6/15,"4,499","13,691","39,877","37,248","25,317","13,744","10,934","3,555","2,979","14,174","1,910","4,476","3,702","9,315","9,644","18,085","16,386","5,143","8,357","3,017","8,448","7,877","5,326","26,495","3,419","10,209","12,168","16,161","21,488","16,161","9,235","22,669","15,545","31,297","22,457","10,530","35,017","25,259","25,013","19,623","23,366","110,372","33,997","19,998","21,970","24,385","25,592","24,442","21,857","12,065","30,089","6,320","7,246","18,057","3,705","3,386","3,329","13,591","9,119","10,816","29,793","8,728","12,448","7,426","21,322","22,803","25,631","37,634","37,733","25,275","24,180","49,199","20,314","27,867","30,605","18,736","56,020","19,502","15,351","14,788","17,045","12,404","23,639","17,899","7,261","10,780","36,214","22,804","23,294","21,613","13,963","10,577","5,158","4,916","5,931","9,949","9,347","10,980","16,060","27,390","21,383","13,226","11,972","12,264","11,701","11,477","10,437","9,060",747,"2,181","3,224","3,960","1,649","2,525","2,249","6,249","1,967","2,921","3,179"
2020/6/16,"4,313","14,109","41,055","39,472","24,494","13,946","11,091","3,687","3,079","13,873","2,053","4,379","4,280","9,462","10,189","18,670","16,846","5,208","8,858","3,275","8,395","7,901","5,331","26,909","3,469","10,597","12,125","16,203","22,489","16,513","9,507","23,587","16,461","32,336","23,533","11,097","35,719","26,087","25,433","19,986","23,858","111,097","35,819","20,935","22,445","25,937","26,330","25,582","22,517","12,182","30,181","6,368","7,396","18,580","3,777","3,560","3,534","13,504","9,238","10,877","29,550","8,702","12,456","7,470","21,916","23,027","26,033","37,712","38,289","25,749","24,141","49,857","21,893","28,415","32,173","19,659","57,400","19,929","15,503","14,735","17,317","12,634","23,811","18,687","7,233","10,849","37,062","22,515","23,722","22,180","14,068","11,210","5,275","4,962","6,204","9,979","9,212","11,171","16,258","28,564","22,613","13,508","11,965","12,427","11,951","11,568","10,525","8,950",821,"2,160","3,308","4,052","1,711","2,569","2,372","6,330","1,950","3,089","3,239"
2020/6/17,"4,240","14,292","41,445","39,791","24,932","14,153","11,121","3,709","3,036","13,491","2,034","4,358","4,051","9,623","10,291","18,710","16,770","5,271","8,899","3,179","8,699","7,987","5,434","27,154","3,466","10,586","12,595","16,251","22,707","16,541","9,514","23,899","16,534","33,212","23,513","10,779","35,491","26,064","25,498","19,916","23,386","113,394","37,645","21,136","22,728","25,929","26,223","25,309","22,420","12,368","30,604","6,559","7,352","18,662","3,939","3,470","3,472","13,817","9,229","11,011","29,365","8,686","12,707","7,663","21,835","23,126","26,070","38,316","38,359","25,937","24,620","50,611","23,100","29,347","33,066","20,451","58,242","19,997","15,478","14,897","17,553","12,734","24,743","18,930","7,577","10,878","37,620","22,664","24,210","22,077","13,458","11,134","5,403","5,020","6,027","9,903","9,577","11,256","16,210","28,297","23,363","13,322","11,983","12,599","11,930","11,707","10,633","9,134",738,"2,244","3,273","4,143","1,690","2,502","2,446","6,332","2,021","3,049","3,231"
2020/6/18,"4,238","14,255","42,189","40,521","25,017","14,202","11,241","3,692","3,032","14,289","2,034","4,303","4,208","9,564","10,458","18,812","16,748","5,260","9,025","3,162","8,567","8,157","5,361","27,256","3,616","10,716","12,493","16,375","22,616","16,772","9,513","24,834","16,918","33,152","23,831","10,893","35,847","26,358","25,191","19,896","24,360","117,291","37,931","21,512","23,058","25,768","26,591","25,690","22,422","12,195","30,184","6,411","7,352","18,500","3,794","3,416","3,364","13,833","9,132","10,883","29,339","8,613","12,774","7,572","21,766","23,083","26,204","38,813","38,735","25,735","24,659","51,475","23,036","29,681","34,420","20,341","59,170","19,573","15,474","15,439","17,905","12,764","25,441","19,216","7,250","10,913","37,813","23,252","24,479","22,192","13,671","10,716","5,306","4,896","6,024","9,923","9,354","11,381","16,181","28,640","22,749","13,383","11,950","12,602","11,942","11,519","10,520","9,052",776,"2,183","3,267","4,017","1,681","2,569","2,381","6,490","1,990","2,936","3,265"
2020/6/19,"4,504","14,642","43,449","44,006","25,602","14,625","11,452","3,858","2,961","14,692","2,041","4,335","4,275","9,417","10,923","19,129","16,727","5,347","9,087","3,275","8,733","8,164","5,571","27,422","3,708","10,782","12,472","16,607","23,094","17,319","9,997","26,955","17,796","34,106","24,905","11,002","36,467","26,705","25,664","20,052","24,231","132,403","43,195","21,995","23,183","26,824","26,760","26,682","23,490","12,271","30,844","6,668","7,574","19,207","4,022","3,762","3,515","13,355","9,544","11,047","29,972","8,900","13,300","7,695","22,131","23,205","27,414","40,716","39,663","26,472","25,151","57,377","23,193","32,523","37,389","22,032","64,587","20,026","15,950","15,300","19,390","13,355","26,774","20,272","7,627","11,642","39,310","23,815","24,532","23,338","13,721","11,449","5,528","4,929","6,322","10,049","9,948","11,747","17,128","29,257","23,978","13,548","12,240","12,853","12,312","11,922","10,440","9,266",735,"2,248","3,416","4,145","1,748","2,597","2,420","7,091","1,998","3,087","3,419"
2020/6/20,"3,658","11,975","34,836","45,425","22,190","11,133","9,770","3,753","2,683","10,892","1,777","3,934","4,205","7,375","11,191","12,712","12,986","4,911","8,241","3,458","7,362","7,465","4,712","21,815","4,291","10,735","11,097","14,922","19,381","15,290","9,149","25,425","16,808","28,011","22,672","7,710","33,166","24,223","22,831","18,373","13,728","130,989","45,081","19,358","20,172","26,408","26,616","24,528","21,032","10,128","26,777","5,987","6,113","17,874","4,643","3,351","1,835","9,332","8,517","10,761","32,382","8,113","12,001","6,960","20,048","18,788","27,437","40,431","34,545","24,258","25,104","65,665","18,467","30,104","37,689","21,323","65,783","18,324","15,099","13,138","18,769","11,706","27,090","18,085","9,216","11,533","31,886","19,951","20,494","20,433","9,035","11,375","5,437","3,945","6,132","9,244","9,850","11,440","15,555","26,621","23,119","12,259","11,264","12,003","11,006","11,058","9,200","8,574",771,"2,167","3,150","4,218","1,517","1,909","2,108","7,358","1,956","3,203","3,054"
2020/6/21,"2,741","7,247","16,727","31,447","11,384","7,369","6,020","3,192","1,992","6,406","1,297","2,664","3,917","5,597","7,997","4,941","5,111","3,333","6,308","3,282","4,386","4,977","2,076","12,601","3,921","9,840","8,308","10,779","13,222","12,538","7,282","22,217","12,752","19,771","15,212","3,928","24,470","16,667","16,016","13,488","7,905","116,364","33,967","12,068","14,637","21,322","23,217","21,173","16,118","6,709","18,698","4,540","4,054","13,189","3,637","2,358","1,276","7,284","6,276","8,430","28,121","5,357","8,473","4,923","13,511","11,491","19,890","29,983","24,703","16,545","20,444","49,668","10,930","21,385","23,808","13,601","43,349","12,633","11,113","7,220","12,720","7,435","18,265","10,119","7,828","7,494","13,732","10,298","11,087","12,674","6,616","7,044","3,777","1,843","5,067","5,877","7,022","8,006","9,877","15,534","17,573","8,151","8,048","8,058","7,300","7,830","6,390","5,968",462,"1,964","2,359","3,726",925,852,"1,498","6,170","1,666","2,492","2,082"
2020/6/22,"4,277","13,528","40,814","37,963","24,240","13,436","10,985","3,627","2,953","13,311","1,960","4,274","3,731","9,261","10,070","18,284","16,392","5,200","8,559","2,944","8,586","7,907","5,306","26,817","3,610","10,382","11,962","16,297","22,396","16,685","9,187","23,496","15,875","31,660","22,770","10,467","34,974","25,631","25,144","19,342","23,371","114,735","35,419","20,851","22,219","24,690","25,386","25,066","22,405","12,268","29,841","6,364","7,228","17,831","3,740","3,405","3,311","13,573","9,099","10,786","29,722","8,658","12,653","7,585","21,266","22,716","25,260","37,488","37,334","25,327","24,458","51,033","19,452","28,358","31,917","19,255","57,889","19,317","15,482","15,034","17,142","11,675","24,267","18,345","7,089","10,703","36,665","22,404","23,740","21,824","13,527","10,372","5,189","4,878","5,845","9,821","9,534","11,299","15,958","27,910","21,473","13,194","11,686","12,351","11,747","11,375","10,400","8,850",771,"2,217","3,310","3,845","1,598","2,567","2,317","6,337","1,902","3,032","3,170"
2020/6/23,"4,311","14,205","42,292","41,233","24,933","13,778","11,329","3,802","2,985","13,132","2,113","4,330","4,229","9,596","10,148","18,790","16,737","5,200","8,692","3,033","8,657","8,009","5,561","26,905","3,781","10,548","12,133","16,757","23,106","17,121","9,818","24,373","16,901","33,059","24,138","10,880","35,689","26,128","25,377","19,890","24,689","123,935","37,498","21,659","22,633","26,392","26,261","26,124","23,070","12,422","30,613","6,454","7,316","18,402","3,943","3,599","3,396","13,527","9,242","11,047","29,470","9,125","12,915","7,621","21,706","23,024","26,875","38,956","38,411","25,856","24,755","52,743","20,906","29,491","34,107","20,603","59,235","20,032","15,429","15,261","18,209","11,737","24,939","19,224","7,467","11,126","38,017","23,091","24,318","22,302","14,077","10,865","5,399","4,984","5,992","9,963","9,482","11,310","16,309","28,580","22,814","13,496","12,027","12,564","12,008","11,515","10,650","9,123",756,"2,201","3,334","4,100","1,648","2,502","2,424","6,546","2,040","3,054","3,282"
2020/6/24,"4,863","14,321","43,090","44,602","25,987","14,041","11,195","3,907","2,965","13,282","1,992","4,349","3,480","9,485","10,747","18,293","16,487","5,285","9,134","3,152","8,588","8,107","5,474","26,993","3,819","10,706","12,700","16,812","23,373","17,247","9,789","24,622","17,047","32,889","25,264","10,493","35,687","25,885","25,369","19,740","23,734","164,576","41,323","21,987","22,908","27,237","26,542","26,402","23,373","12,254","30,378","6,636","7,344","18,710","3,892","3,514","3,377","12,009","9,361","11,008","30,277","9,227","14,406","7,979","22,311","22,945","27,322","44,198","38,600","26,417","25,433","58,350","20,554","30,425","36,650","21,257","66,207","20,716","15,850","15,271","22,089","12,071","26,193","19,586","7,598","11,657","38,609","23,506","24,707","23,265","13,870","11,019","5,558","4,992","6,328","10,025","9,983","11,381","16,644","28,881","23,896","13,785","12,169","12,665","11,994","11,749","10,673","9,292",822,"2,344","3,293","4,255","1,630","2,556","2,433","8,580","2,043","3,187","3,455"
2020/6/25,"3,087","5,722","14,758","30,526","9,586","5,952","5,168","2,843","1,460","5,214",988,"2,232","5,387","4,146","6,876","3,512","4,272","2,441","5,092","2,217","3,504","3,810","1,825","11,000","4,038","8,990","6,986","9,372","11,289","9,801","6,040","15,994","9,558","14,822","11,264","2,756","21,129","14,242","13,916","11,990","7,862","125,443","29,856","11,025","10,606","16,794","19,031","15,544","13,497","5,784","14,831","3,994","3,622","10,815","3,528","2,043","1,157","5,631","5,462","8,483","27,987","4,842","7,890","4,533","11,837","9,999","16,525","30,416","19,863","13,852","17,822","48,659","8,915","17,550","23,041","11,251","42,239","9,805","9,988","5,974","14,435","6,653","19,632","9,686","4,316","7,076","12,049","8,762","9,597","12,485","5,300","5,579","3,189","1,560","4,114","5,088","6,833","6,733","9,058","11,877","14,762","7,441","6,243","7,028","6,632","7,070","5,497","5,393",385,"1,748","2,156","3,371",780,744,"1,320","7,608","1,416","2,287","2,012"
2020/6/26,"2,692","6,662","17,172","37,396","11,159","6,862","5,890","2,853","1,535","6,890","1,162","2,740","9,410","4,523","8,126","4,302","4,700","2,838","6,067","2,939","4,085","4,411","2,206","12,283","5,101","10,152","7,877","10,186","13,091","10,358","6,514","17,511","11,032","16,622","12,918","3,356","23,386","16,442","15,648","12,996","14,506","125,030","35,538","15,720","12,352","19,651","23,673","20,159","15,240","7,375","17,554","4,414","4,488","12,790","4,863","2,453","1,993","6,492","6,805","10,111","34,613","5,542","9,101","4,876","13,585","12,889","19,906","31,438","23,235","15,341","20,940","57,313","9,732","20,698","26,835","13,309","47,826","10,704","10,549","6,628","14,109","7,909","25,281","11,345","5,713","8,503","14,386","10,800","10,635","13,540","5,886","6,978","4,003","1,857","4,509","5,684","7,832","7,960","9,899","14,174","16,136","8,609","7,569","8,535","7,522","7,991","6,145","6,111",444,"1,844","2,397","3,746",919,821,"1,435","6,623","1,526","2,437","2,322"
2020/6/27,"2,382","6,949","18,114","37,815","12,062","7,378","6,389","3,321","1,896","6,931","1,323","2,743","8,652","4,691","9,237","4,406","5,330","3,120","6,636","3,115","4,450","5,052","2,285","15,597","5,200","11,206","8,449","11,346","13,835","12,016","7,282","20,906","12,010","19,082","14,870","3,901","25,812","18,007","16,827","14,242","10,542","119,231","36,580","15,220","13,460","22,218","24,307","20,161","16,675","7,183","18,252","4,693","4,578","13,440","4,657","2,507","1,536","7,133","7,219","10,609","37,441","5,954","9,475","5,416","14,659","12,604","21,466","31,578","24,587","16,775","22,398","58,695","10,280","22,481","26,861","14,164","48,060","12,137","11,636","7,042","13,883","8,420","24,974","11,669","8,208","8,605","14,160","11,783","11,294","13,855","6,348","7,245","4,284","2,058","5,191","6,115","8,114","8,770","10,277","14,946","17,805","9,084","8,143","9,029","8,143","8,559","6,595","6,484",534,"2,016","2,636","4,219",923,863,"1,614","6,668","1,658","2,967","2,520"
2020/6/28,"3,081","6,466","14,836","29,811","10,416","6,619","5,803","3,043","2,033","6,325","1,175","2,389","5,100","4,773","7,662","4,339","5,047","3,203","6,297","2,942","4,089","4,598","2,166","11,650","4,432","9,794","7,686","10,514","12,656","11,725","7,249","19,213","11,642","17,924","15,023","3,373","24,065","16,727","15,432","13,294","7,064","107,589","29,959","11,728","13,443","19,348","19,956","17,569","15,381","6,450","16,756","4,340","3,886","12,141","3,541","2,249","1,350","6,479","6,219","8,640","28,513","5,276","7,916","4,821","13,141","10,976","18,262","28,273","22,654","15,618","18,742","46,033","9,134","18,987","21,213","11,994","39,775","11,840","10,550","7,160","12,337","6,957","19,430","9,699","7,036","7,179","12,080","9,837","10,350","11,049","6,037","6,064","3,598","1,791","4,351","5,431","6,581","7,200","9,360","13,629","15,436","7,912","7,128","8,087","7,157","7,497","5,921","5,571",418,"1,964","2,502","3,754",864,888,"1,367","6,071","1,411","2,589","2,319"
2020/6/29,"4,571","13,331","40,154","38,277","23,986","13,173","11,135","3,736","2,936","13,381","1,987","4,231","4,016","8,808","9,886","16,922","16,311","5,130","8,576","3,082","7,793","7,679","5,388","26,124","3,576","10,349","12,010","16,207","22,304","15,448","9,376","23,820","16,148","31,776","22,526","9,989","35,078","25,271","25,260","19,698","24,628","115,658","35,625","21,404","21,847","24,584","23,217","24,641","21,643","12,206","30,019","6,442","7,190","18,007","3,622","3,572","3,239","12,712","9,290","11,184","28,943","8,774","12,506","7,440","21,575","22,248","25,695","38,150","36,690","25,701","24,555","51,765","19,125","29,208","32,195","19,203","57,998","19,007","15,421","15,243","17,375","13,025","24,432","18,328","7,166","11,042","36,859","22,990","23,384","21,613","11,163","10,488","5,169","4,824","5,885","9,599","9,377","10,930","16,036","27,948","21,449","13,029","11,782","12,362","11,544","11,170","10,351","9,006",823,"2,254","3,325","4,006","1,683","2,538","2,318","6,463","1,845","3,056","3,324"
2020/6/30,"4,175","13,889","42,152","40,530","24,258","13,155","11,190","3,712","2,956","13,198","2,052","4,145","4,599","8,481","10,394","17,301","17,061","5,226","8,953","3,028","7,998","8,173","5,586","26,924","3,632","10,727","12,123","16,285","23,034","15,640","9,651","24,204","16,919","32,680","23,850","10,252","35,900","26,314","25,460","19,466","25,541","117,056","38,142","22,040","22,380","25,939","24,338","25,112","22,514","12,455","30,269","6,513","7,242","18,161","4,046","3,489","3,369","11,643","9,286","11,262","28,770","8,872","12,649","7,484","21,718","22,363","26,286","38,370","37,032","25,711","25,236","53,245","20,295","29,150","34,040","20,270","59,632","20,136","15,608","15,228","17,904","12,884","25,678","18,982","7,470","11,352","38,148","23,137","24,055","22,286","11,170","10,672","5,250","4,923","5,847","9,926","9,548","11,354","16,554","28,462","22,868","13,190","11,961","12,430","11,831","11,342","10,279","8,944",756,"2,257","3,337","4,009","1,690","2,559","2,391","6,378","1,955","3,047","3,239"
